x1,x2,x3,x4,x5,x6,y
0.13661297748537543,-0.8980830582579858,-0.8526985538712207,-0.06676074014324052,1.0,0.6151633750860083,-0.6955974638947495
0.3406760360635992,-1.0,-1.0,-0.565582714899217,-0.19272257359137268,-1.0,3.2450353509983962
0.6761364711741771,-1.0,-1.0,0.8728981037889395,0.3896703399469603,-0.6053006972588049,-3.833277529179285
0.5795503502005925,0.1411531303737581,1.0,1.0,0.9739881360351124,0.5404016551276296,-3.5876983351921674
-1.0,-0.8072997973862398,-0.4778427300388308,-0.5624076847385491,1.0,0.9855654937069127,3.090095213616534
0.5132985220151958,1.0,1.0,0.9398222125226054,0.5273623916787019,0.4051398301291585,-5.134888563840585
0.16994377332099364,0.8659071401605836,-0.18726289191622114,-1.0,-0.004164863971877597,0.018750695167114584,0.814340941608978
-1.0,0.5573850031669185,-1.0,-0.5314699093731444,0.46927014912513865,0.19453164956240993,0.06041164449370373
-1.0,-1.0,-0.29444666234866823,-1.0,-1.0,-0.28473943700508925,1.5717576204260026
0.6787616637101967,-0.8456686288678797,-0.16723496359605317,-0.535662420281112,0.7016010598146578,0.7773291657422641,-1.7891215359414088
-0.2512728833808804,-1.0,-0.3969972962448536,0.17382231106995383,-0.6024367957728428,1.0,2.6110217832736127
-0.44658911937735835,-0.2558850518827669,-0.7727486629310751,-1.0,0.17203210986018047,1.0,3.6161022475484845
0.6008157654361606,0.5306733617767164,0.5831576106932592,0.9692746670244655,-0.4222519204959514,-1.0,5.158704797128127
-1.0,-1.0,-1.0,-1.0,-0.5916392914069548,-1.0,3.408665645085587
-0.7054924844392022,0.2154280268581057,-0.36067338908882013,-1.0,-1.0,-0.9066162312432147,-0.035344946833150925
-1.0,-1.0,-1.0,-0.12385416947411265,-0.7296241443267676,-0.7415016365680055,-2.098119501899637
-0.2120163417555967,-0.46471814239107057,1.0,-0.3559925250271177,-1.0,0.6697041489618203,-1.9446818634934973
0.9223431566432219,0.7738918215641142,0.44793733044823,-0.2894787598850294,0.268916914482646,1.0,1.3933180816601243
-1.0,-0.26412060931511455,-0.8544569152628032,-0.5289926552010089,0.6254477854889294,0.16275012800727406,-0.46978880931705297
-0.1679471516194354,-0.5297973877211051,1.0,0.15585810828856017,1.0,1.0,-0.3059331850888924
1.0,-0.16910246635109838,-0.5921739110592171,0.26323715726674946,-0.22947780198039522,0.30911338545720857,0.79579173413809
-0.6741160608941197,-0.10228774968099075,-1.0,-0.24198758209527949,0.023220434506899368,-1.0,5.211895859128249
0.8132655615330738,0.3213841387095122,0.033527195297837986,0.7875578827911017,0.5349919355323669,1.0,2.20236637885431
-1.0,-0.6301840385633246,-0.31449039545181057,-0.919330013615272,-1.0,-0.6626186052041474,1.8341749983174735
-0.007691510084584019,0.36163806409195476,-1.0,-0.17440705279713076,-0.8035019557601154,0.5709513561251044,2.348784032376488
0.5335571613348538,-1.0,-0.05176735262187071,-0.6139409482167535,0.3113221848257922,1.0,0.25805900581363544
-0.43494192578068214,-0.6333040456665009,0.7228748371767382,0.9196874755717417,0.3362498027044628,-0.49353621078457355,0.34986592496918545
-0.19447246909778362,-0.431156797156686,-0.7203900061404055,0.7473985396233664,-1.0,-1.0,1.507093424910431
-0.08967068042509024,0.04448812253188661,-0.03229752089298332,-0.5940478626348934,0.41886428455454894,0.1905580279553583,0.4542270536510783
-0.19174624387424877,-0.7116608659830993,-1.0,0.04233357044558472,-0.001528173830662987,0.1437960580496701,-1.4166454000722495
-1.0,0.962191758227471,1.0,1.0,0.24019885480101588,0.1627109644743273,-6.465967482584211
1.0,0.8493896370568783,-0.594410090202871,0.7344896872791564,-1.0,0.18234303854894496,4.820438860338337
0.04304490753577611,-1.0,-1.0,0.07828298201668049,-1.0,-0.5553213419616816,-1.3256536171051294
-0.2363671472459994,0.12951814271034467,0.6718670493825378,-0.2658269976725194,1.0,0.052182314296205456,-0.0016554102685968908
0.598451970609501,1.0,0.40095488570181387,0.2071813418007582,-0.9636663700350561,0.7343133100901529,3.108427732530234
1.0,0.37754190595983705,1.0,0.416708070364066,0.6009270656925729,-0.5975088073880013,-0.9716999565705559
-0.30119758730947827,0.9136093282167889,1.0,0.43363498993506444,-0.47519800969113474,-0.6680314069478291,-1.1058424991828208
-1.0,-0.6877588581538924,-0.3111311195856006,-1.0,-1.0,-1.0,4.222966489382594
0.8810860132180275,-1.0,0.057145081558180655,-0.7330556387010224,0.5236948788604829,0.10238298063284257,0.39070137351009226
0.4712088803559093,-0.7966877064483895,-1.0,-0.5840023430179456,-1.0,-0.11235901867470854,3.0489524754734667
0.04489206878114915,0.5453819004086182,-0.09448158496714992,0.6141175870570801,-0.13472327911177942,-0.6450362245523282,1.3677463125728893
1.0,-0.05200599693101604,1.0,1.0,0.5222234299864629,0.8085084368023236,-4.553248264741428
0.9971351020191606,0.13956368939087627,0.06895237659624898,1.0,0.15344817468362015,-0.9463491244351018,4.069813477185993
-0.7422068400222654,-0.8620741075838697,-1.0,-1.0,0.8127138035967088,-0.4841213664615487,-2.4546593585729166
0.1563564445527894,0.8506264002787802,1.0,0.8574372627742459,-0.5277134962961351,1.0,-2.9177446489101806
-0.34224053756426154,-0.10820651446378152,0.8700489031998114,0.4133170328208713,-1.0,-0.8579525944322621,0.3111016303104267
-1.0,-1.0,-1.0,-1.0,0.2450493173911279,0.17333170545734666,-7.301852625504067
-1.0,-1.0,-0.352695357458491,-0.8366654014519588,0.9670649893553789,-0.17323125011726603,1.376400024115032
0.5079434822165214,0.5027607940752263,0.2967386870326787,0.7552813427876146,-0.10378410420937367,-1.0,4.96892268195181
-1.0,-0.44138843134381656,-0.31953531643933664,-1.0,0.8884215958513318,0.720098719436294,2.680811045429918
0.18097634246040595,-0.3849953273578215,0.31071407663945616,-1.0,-1.0,-0.9678412391406657,6.250097292266825
0.0892260808793878,-0.32648105905449065,-1.0,-1.0,-1.0,-0.828946418734946,1.7528188136979386
-0.5151012173159282,-0.882985157135401,0.32002584916717985,-1.0,1.0,-0.29536629721390306,3.2857266933971934
1.0,0.966648592012841,1.0,-0.14076234103546248,1.0,1.0,-5.1109750015853095
0.8606079450301511,1.0,1.0,0.7965687305403544,1.0,1.0,-8.043434481963269
-1.0,-0.4549405890182445,-1.0,-0.37160059508827215,1.0,0.07507620206564428,-2.9211264333206852
0.34584820097380453,1.0,1.0,0.40608586848286177,0.847178315989476,0.6692558149925698,-3.903120844530599
0.33758174420779097,0.16284935468534678,-1.0,-0.5830571441158887,-0.23930999707575773,0.3679255687644419,0.9141945798148263
0.3855817831003884,-0.13460768636647527,-0.3343382230723291,-0.17798965650763862,1.0,1.0,2.3835313071047173
1.0,-0.5508785733752228,-0.0965551192108639,1.0,0.9879802336583464,1.0,2.394690180726249
-1.0,1.0,0.06770398021295293,-0.2252002323602722,-0.7120026384042062,1.0,0.3068494936413025
1.0,1.0,1.0,0.06338639012983793,1.0,-0.9809503739016074,-3.780158673629139
1.0,0.6810445045521356,1.0,1.0,-0.21633868108209042,-0.39597426183852386,1.8477627849314502
-1.0,-1.0,0.504316776905167,0.016134948784864545,-0.6525181375451092,-0.5997728268732438,1.0335539782066352
-0.7757777530206718,-0.49237804735845736,-0.25028396367885164,-0.6242939205957638,-0.7753861995260145,0.5715950159691147,-1.20326611292122
0.9491905835173271,0.16004563028069893,1.0,0.2299867265255536,-1.0,-1.0,7.26421727825175
1.0,-0.8956396785200502,0.4129826386393969,0.24177359329574805,0.7531962097473799,1.0,0.08380161184776058
0.4943226787537074,0.498216821861313,0.42017721035914257,1.0,-0.7626654489838742,0.9527485121704389,3.036137454377398
0.53818830069814,-0.2645610238398014,-1.0,0.0036019281090760025,1.0,0.9750327596758435,3.1496850610361014
0.4981779270722286,0.235557916395704,-0.3409902851091591,-1.0,-0.18264189142183984,0.8483139730729757,3.028640454646065
0.6961424603609341,-0.6508567781736799,1.0,0.401511214850799,0.012982698169724527,-0.1256854076099333,1.756093782291497
-0.15299453555987994,-1.0,-0.014148562489954428,-0.04646906359554659,-0.5826493328336853,1.0,1.073436328372404
-1.0,-0.4808300477701506,-0.1802267142121946,0.007835483213967709,0.18241473802095376,-0.6039451145506272,1.3588318814425675
-0.5449684944126045,0.1998421320867506,1.0,0.14102784772198473,0.3743472417269942,1.0,-0.651837239542766
-0.4189739672373695,0.486737942385548,1.0,0.4696406379499283,-0.5940108090067875,1.0,-2.3894801225806277
0.31295268413844013,-0.8139290571118996,-0.7131183233792325,-1.0,-0.29898305841007183,-0.275827455743685,1.0638873956011723
0.986713187739085,0.5700509222954788,1.0,-0.40026951033616154,-0.864623797721466,-0.5827341991777123,3.4079464020757615
1.0,1.0,-0.6370885493138173,-0.07739095283945047,0.16048217759041178,-0.3658679561184518,1.6349623435491258
-0.4756620435783492,-1.0,-0.5768465695949827,-0.3844334541982374,1.0,1.0,2.6607197744013544
-0.5666141556847182,-1.0,-1.0,-0.576255020748194,0.6534335759309922,-0.5483988859669264,-2.3069827998463492
-0.3131486954029325,-0.08900626387101157,0.3416109911961012,-0.6687594602445004,-0.7437459838397804,-1.0,2.086284616381988
-1.0,-1.0,-0.8541481176107732,-0.7591181093670002,0.24216576469285167,1.0,-1.6116500569728918
0.4627313270315041,0.8512731589952669,0.17114167072058112,0.5339055843824008,0.3880187411260092,0.9063186713378439,1.9004705755802531
0.2684458331917994,1.0,1.0,1.0,0.26064847415681114,-0.6835753943204219,-2.759280996278522
-0.12340984197936045,-0.4162587393070376,-1.0,0.44241672324708325,1.0,1.0,7.587375817921813
-1.0,-0.45757403391747453,-0.047477073711827744,0.7970201800457661,-0.27033100787164255,0.330712747658499,-1.16726808480307
1.0,0.3947301533733316,1.0,0.23334192390046637,0.0012326032898111183,0.19699332995709207,-0.38817012949018564
-0.00928303396924246,-0.9068417079664337,-1.0,-1.0,-0.9711938081887367,0.06564550435109306,1.8564431209850563
-0.12857287495371816,-1.0,-0.004853992742267277,-1.0,-1.0,-1.0,9.371618003288296
1.0,0.923165266479794,0.14506667152416108,1.0,0.8089844194325859,1.0,-0.7315736825920429
-0.37505368545207585,-1.0,0.09911536884396366,0.6922869809759806,1.0,0.5357747505631419,1.0986915555384442
-0.865444022631273,-0.15183325870962916,-0.779242834496364,-0.8956888001529721,0.9859933792731781,1.0,6.887781493343664
-0.8548176921617923,-0.3603843359941501,-0.9424769060109617,1.0,-0.5404517990704398,-0.8321253730153051,-0.3387302278890754
-0.385160174584225,-1.0,-1.0,-0.45901066550137454,0.2804100978899873,1.0,2.2698679436701603
0.7663712216374802,0.9688543386480638,0.12654430746224452,-0.9176793325822015,1.0,0.039240275073870234,0.7860211499233632
-1.0,-1.0,0.7558516952463078,-0.10565147016393861,0.3118056132571645,-0.36894112522637323,4.0556724189299285
-0.5102306671455044,-1.0,-0.8475563626720599,-1.0,-1.0,-0.26335625732335083,1.4309654420788944
-0.6439200191726286,0.08967012193568752,0.21470050069949453,0.27294492370076673,0.7954564617919428,0.33770554056544455,1.6845698994941591
-1.0,-1.0,-0.42100655373806806,-1.0,0.49393527785641067,0.8847303059486936,-2.849132253094071
0.28967587752955737,0.07028913189865116,0.30642999088424316,0.8849260755887669,-0.06500853073013357,0.36188471540997336,0.8984057976869035
-0.6183551399192547,-1.0,-1.0,0.6598990196987513,-1.0,0.19510617604527822,-4.955685078883343
-0.789508120593684,-1.0,-1.0,-0.18922468632935385,-0.15101238306477516,-0.25922145689901854,-3.8478300414360938
-0.8750705534255927,-1.0,0.5692722972789831,0.44257957591080715,0.35071522892280127,0.5051402770570763,0.6606381294728898
0.0708110854354681,0.4508513874831499,-0.1849333395503468,-0.7115702276777514,0.46969628852934386,-0.19567883931225016,-0.33516692049075136
0.18686933073083734,0.15722288831501918,0.6250848208949352,0.1636697598255103,0.38586258277671814,-0.45848541339311877,0.013607315460272495
0.09230954616039821,0.834279757651436,0.23567839660655232,0.1566169780265525,0.007834088073893603,0.25814472178550374,0.5615807197164018
-1.0,0.6935313208625984,0.12047571767787124,-0.18977713933050094,-0.4866185879894944,-1.0,-0.08592969487887724
-0.004650482672946765,0.2654675031593381,-0.7304629890306025,0.32451860141725297,-0.6162167052371458,0.12562855143237361,0.6259381803088632
0.1291303998193496,0.4522089906195401,0.3310134847345334,0.4314180281166699,-0.6221331637799745,0.7673750952210179,1.2388090978096384
1.0,0.32300928170766663,0.051956990547389226,1.0,-0.7517462900417938,-1.0,8.234435595918388
0.9334843064025501,1.0,1.0,0.015300167527125486,0.0027874809846711937,-1.0,-0.07158675915552368
0.8939804763505259,0.9252017863914301,1.0,1.0,-0.30471398287314966,-0.07497820788043186,-0.2641167123988183
0.3484520344500507,-1.0,0.387724560607613,0.627743238847779,-1.0,-1.0,7.446118417986683
-0.8930236607225549,-0.5382065812155723,-1.0,0.37406744308678924,-0.10958065957596563,1.0,5.788559038157568
-1.0,-0.5497220672785456,-1.0,0.5149598896085994,-1.0,-1.0,0.36021280447840176
0.14379487669426438,1.0,-0.14049994523819448,0.5883537000796483,-1.0,-0.4499514049604419,3.0266538694590794
1.0,0.1713303374106877,1.0,0.8603422354309629,-0.6909515437678886,-0.14294144914871107,3.3106480745688747
0.03938881735661348,0.23776277903792156,1.0,-0.8428201309793495,-1.0,0.26691701717621474,-1.4184704028297659
-0.40516665082360365,1.0,-1.0,-0.38525798337642486,-1.0,-0.722025605217718,1.1545787439208028
1.0,0.8541858498224046,1.0,1.0,-0.7263771792051616,-1.0,7.779648886630783
0.28992082310611356,0.7765640185835596,0.6326619912287926,-1.0,-1.0,-1.0,1.4747030952920144
0.613497817164645,0.6865225846766514,0.9707162331709938,-0.8127410724397794,-0.974921530148056,0.45529714840901414,0.8783974238705661
-0.3058008286197753,-1.0,-0.7766360317744048,-0.33133252694694115,0.29408745068461983,0.2824924160273565,-1.8705912499915465
-0.6777164859835836,-0.3360287394069902,-0.6715143608521018,0.09751481928305195,-0.9431712025387997,-0.8946440926156647,-0.9149364678825769
-1.0,-1.0,-0.3463314682430536,0.6577620879524082,-0.016097949698037017,-0.4329053823406079,-1.6597488340753925
-0.8099755871069487,-0.1929285443409966,-1.0,-0.7638232864271,-0.49883164154792925,-0.5433681140537696,-1.0103702128141485
-1.0,-1.0,-1.0,-1.0,0.941349365946851,1.0,-0.9805962579072631
-0.4818811872557589,-1.0,-1.0,-0.5483734504317066,1.0,0.9776944164197525,2.3426842705403734
-0.5140562587899984,1.0,-0.170622963749555,1.0,-0.4833528381533492,0.5970956875686212,-0.7025342436035581
1.0,1.0,-0.5355270339935565,0.5994475120365181,0.025578971935417943,-0.15653328392727672,1.0132956263629527
0.9546746717828071,1.0,0.506068913447477,0.8791384425832822,0.08009192200253457,0.34849076485193836,-1.3680497121243618
-0.20292782705800044,0.18996679035278186,-0.6678159482142763,-0.4229612741893538,-1.0,-1.0,-1.5612519906730082
-0.5149349534035845,-1.0,-0.9327767277269211,-0.03865048209984617,-0.8978814124718887,1.0,2.4425680658510616
-0.42111146298191227,0.025979402821719233,1.0,-0.027909786167724493,-0.5721407262649034,-0.0835945750060505,-1.2047509840452915
1.0,0.5410878957950815,0.36315573011558444,-0.13043759035013086,-0.14301394254976618,-1.0,5.1665469255912315
-0.013032707467622279,0.7925937268045491,0.2800896496674881,-0.3368655976123112,-0.04171052659960073,-1.0,2.175209420421715
0.4475480651463925,-0.9428593282435089,-1.0,0.4115989080757268,0.3511713499837732,0.8943249200289161,1.366149710403206
-0.2860208428227178,-1.0,-0.36317624135358706,-0.5883043776673966,1.0,1.0,1.5395928388005338
1.0,0.5025932113258482,-0.9612252441509079,1.0,0.7100477044412556,0.6909956716422249,-1.9913949318079014
0.8510367149204712,-0.09091986448271222,0.3372024039257313,0.7111397721716286,0.23031310000958102,0.5852236590423879,-0.8932569041076639
-0.9105004425311023,-0.44796046528834277,-0.49430641664490294,-0.922023015140371,0.7487055710967856,0.597952846709116,1.2237174361272987
0.6988266596298421,-0.4484817914569259,0.8007001103268846,1.0,-0.10720906066260572,0.4605676072616973,-0.28114517531991967
-0.5563387287859919,-0.4517749089476255,-0.023478070352918212,1.0,-1.0,-0.772527972561452,-0.2062162882458034
-1.0,-1.0,-1.0,-0.40476516020714537,-0.13574992703861266,-1.0,3.9920831159689008
1.0,1.0,-0.29202321093656214,-0.4213506938156237,-1.0,-0.3117754211939145,5.563260842804036
-0.5123884410913095,-1.0,-0.05059340691912084,-0.1557214557938127,-1.0,0.053642126974648874,0.4145591127284992
1.0,1.0,1.0,0.6140089389301362,-0.8196813331193404,0.872177525699823,0.7882549674444239
0.3097735874362689,-0.09763087560308781,-0.4803985724354223,0.6273130130761777,-0.6623815534888825,-0.09061743909192063,-0.01673480831583296
0.7827211309122619,0.8391786132496137,0.4505323487116642,1.0,1.0,0.14281809296090886,-3.1849102156731006
-1.0,-0.8729092185885665,-0.3939918903811314,-0.6470832732111104,-0.6160861672209202,-0.8994203069950624,1.7375644532694183
1.0,1.0,1.0,1.0,0.2528899272495645,1.0,-7.253341766318599
0.4869063665765936,0.07752196098217312,1.0,1.0,1.0,0.2839445655992537,-3.4077375239465413
0.7204772280063941,1.0,0.40522545202314403,0.39523143546360573,-1.0,-1.0,4.5281185764022345
-1.0,0.19381407091584335,-0.2591390693041389,-1.0,-0.6037500471981052,-0.189971724931139,-0.48556875346999717
-1.0,-0.0019165121514342909,0.2040611484614976,0.23714895949326464,1.0,-0.30838882020555,2.5048509763597715
-0.2851144192216085,-0.045281157912566705,-1.0,-0.10472912897125528,-0.551858690443765,-1.0,3.0695533555682553
-0.3866676440568415,-0.33099448733107506,-1.0,0.051752623650537455,1.0,-0.07443735785496292,-0.6326980236442259
0.8889263305534796,1.0,1.0,0.9511024358342755,-0.9310334540109091,0.9399886188856238,0.6154351712777084
0.6266479170661312,1.0,-1.0,-0.4062983816925717,-0.2323407925184265,-1.0,2.82506867015926
0.5751337030903576,0.75548486327992,1.0,0.9035432760916555,1.0,-0.05748191297995009,-3.9650119582740353
-0.38007109267371786,-0.832020541787796,-1.0,-0.5064415605067932,0.5048026994222279,1.0,3.831479227291784
1.0,1.0,0.9311802911572018,0.592618856096848,-1.0,-0.7956636632406887,5.696391509958633
-0.4369093646970369,-1.0,-1.0,-0.46058891126915513,-0.8271416613569594,-0.7607298248352046,-0.3622102710689312
-0.6030445091688537,-0.05749020011995554,-1.0,-0.06362387001383363,1.0,0.5352920399652716,2.0211610030810867
-0.30054284805989595,0.5203454813478873,0.5992683178450331,0.8305650437524644,0.7957728989053237,1.0,1.825947629617877
-1.0,-0.09677787299184182,-0.38297712327707933,-0.5116607660720283,0.3415486320356438,-0.21541072459135163,0.3043407075409723
-0.828874066108547,0.4044997930092278,-0.5268160769055713,-0.9491540714769711,-0.21772512249911835,0.26878819178494695,-0.30147849314859904
0.5167513399180297,0.6712149081438381,1.0,0.5309997846960219,-0.21608719568867318,-1.0,2.720581553077192
-1.0,-0.6215519235466831,-1.0,-1.0,-0.2415577886369626,-0.5529617939979705,-1.545653943822322
0.47021591509767335,0.7388699190351209,-0.2021585279797734,1.0,1.0,1.0,3.956292626603385
-0.13650524594691338,-0.8357500624246117,-1.0,-0.7505765226595442,-0.014066116394021166,0.8293472925833825,0.8245609674644874
0.11840783002520106,-0.026706741350711383,-0.946897119978485,-0.6241913619503057,0.8700831799846866,-0.012589243009016537,0.05808567828279654
-0.8654195507627743,-0.495937522468673,-0.6358967528354651,-1.0,0.906807824521997,0.5786164587960699,1.5228965451388026
-1.0,-0.628320986400785,-0.5451778214327283,-1.0,-0.5316376294507366,-0.9021816774165354,2.7060724498921633
-0.022241789703156156,-1.0,-0.2928277450952683,-0.3506029802840289,0.5144057293727844,-0.2639839488998301,-0.2818044196727725
-1.0,-0.2964790058015958,-1.0,-0.31283985495048683,1.0,-1.0,5.858808353195452
0.8643360450625086,0.3517546313308957,0.7554620363628513,0.9264979927810171,-1.0,0.7112575695144765,2.2189028075908395
0.3941760046785725,0.8813804772667791,-0.054999059356213686,0.7220210051397375,-0.9944458711693647,-1.0,5.6598712172735715
-0.3899566203652838,-1.0,-1.0,-1.0,0.09344834091485597,0.7649229086696344,-4.12533784437953
0.4155017913294041,0.24815327762161488,0.33403325352388447,1.0,0.47106037168227544,0.025223276687245666,-0.43537449674608625
1.0,1.0,1.0,0.9256047607526123,1.0,-0.009590610627679963,-7.860371673818099
0.6658842288426927,-0.3567825958941981,0.6535137182925073,-0.03525765164106098,0.8229152728047389,0.23235850147822124,-3.0254404919592397
-0.9554295176867358,-1.0,0.5711716644349156,-0.8865976413516752,-0.1192890673770316,-0.27178688704038007,1.9124285141067623
0.11933418941649018,0.6112299456250364,0.4012649868253767,0.09852560842625369,0.6949689786662224,0.7080535156638408,1.5714941172869326
-0.01992664268294686,0.2553132379010297,1.0,0.6783969993522538,-0.37978140459423465,-1.0,1.9704851993251427
1.0,1.0,1.0,1.0,-0.4842826722665506,5.128109924357194e-05,0.8783141407591011
1.0,-0.5624656958839411,-1.0,0.3957947853382089,-1.0,0.12950501654469082,5.234874941933884
-0.5487521256895673,-0.9403260027411875,0.06528169298261541,-0.24912670239984497,1.0,1.0,3.2978281180892677
1.0,1.0,1.0,0.5957266821657462,-0.6040133029983463,0.22591747443221202,-0.09767048726560046
1.0,0.2240211721199199,1.0,1.0,0.03469704445940248,0.9286627756836439,-3.796933321339571
1.0,0.7227402073653809,0.33726506167253945,1.0,-0.5677695161008666,0.18558426472793677,2.6013224988567254
0.9769792588672923,1.0,0.401387064397293,0.7208431827330197,-0.7535708911266097,-1.0,8.078426738268092
-0.19229333149891553,0.1597163312683379,-0.6564158569677028,0.9538607886799847,0.15760916163939492,-1.0,2.9974169038974674
0.6765003005433035,0.8833619497915416,0.5190265997735616,-0.044402843921716895,0.3551555848699338,-0.6744469225127012,-0.36309104093475514
0.509476592954632,1.0,0.49967344948013986,0.1811223021216235,-0.5440311107600211,1.0,1.9139999039162623
0.005434882834625843,-0.19658682317408438,0.5164966053458406,0.6381505230263058,0.3306090705762031,0.6572488101193976,-0.1341202299548721
0.9935842700267135,1.0,1.0,1.0,-0.0031601829640266477,-0.05071446093743104,-1.511751284468985
1.0,1.0,-0.022067168350191957,0.9275843645689006,-0.6006884416088945,-0.25541531042290244,4.105256704016911
1.0,1.0,1.0,0.375994482466498,1.0,1.0,-6.753289626165908
-0.9251169901181159,-0.09601545185324734,-0.5379334129142739,-0.4016164886426914,-0.28378454795320096,-0.5635578671560686,-0.0947286162460489
1.0,0.23443102297059237,1.0,0.3245992579779138,-1.0,-1.0,8.022200554719914
1.0,-0.30706319164035245,0.8361322661873191,1.0,-0.8786531303368854,0.22300657926553064,3.055369106361106
1.0,0.5038737476192345,1.0,0.9019126515231386,-0.8518834155438939,-1.0,7.302681951331549
0.4184561953057714,1.0,0.011624422861716666,0.26885874760346035,-1.0,0.384757141453995,1.0160361669144584
-0.2713807839532161,-1.0,-0.9498885652992304,-1.0,0.5543339766011136,-1.0,1.8688801740123844
-0.7542195266623491,0.4510384223786421,0.872282651531735,-0.28840251034890013,-0.3616011655558615,-0.12309991440275314,-0.949690325718908
1.0,-0.5652637056290923,-0.9395020946038561,-0.45963065593317026,1.0,-0.9730616704662542,-3.1919885927582676
-0.47693388079439636,-0.40681805851346864,-1.0,-0.6350215355937419,-0.013576405985721185,1.0,5.700257443682649
1.0,1.0,0.07611314259381036,-0.598855617969563,0.5191662802283059,1.0,3.9209306575620424
-0.00949038411429716,-0.14141336297877888,0.27322690133352057,-0.8081925083195981,0.9358568064577322,1.0,2.9766610578656505
-0.06580902695789692,-0.6409229736913298,1.0,-0.515471055137017,-0.4660382802659945,0.42839097576688623,-1.3082527632847236
-1.0,-1.0,0.19052998738226878,0.9247619325918875,0.14682424848019082,-0.0013277276124364756,-0.2544045205385356
0.8196579547577376,1.0,0.34181603635300983,1.0,0.6066320192096178,0.4588359785627163,-3.03396660067315
1.0,1.0,1.0,0.6611924955082875,-0.4827092852530571,-1.0,3.9956141869123107
-0.21224156201951372,-0.757243395632099,-0.5666290456567735,-0.19629394103020537,-1.0,-0.5404592891286705,-0.08482125159724108
0.0647190823602954,-1.0,-0.643541641389032,-1.0,-0.9456189020731607,-0.6206384060883564,5.027871736991265
0.16280242213789448,0.5805325609011811,-0.9168068381747558,-1.0,-0.1191444641364297,-0.5580507753114365,-1.1323421108709548
-0.022628986651994976,0.375781556876157,-0.016720631829104327,0.2627229391553816,-0.7287782185730318,-0.7231508861107983,0.042652546609329045
0.14103512551285352,-0.37709486523273117,0.5777562454807296,0.2921949513811783,-0.849522210305018,0.5932329371044527,-0.8811016340392802
-0.591522172607642,-0.9570549349770614,0.7365941715220214,0.009187826829431756,0.6068632449675386,0.02924931222256015,2.9437994555200895
1.0,0.367984243681328,-0.7977736359430148,1.0,0.07654346305144621,0.7124026093663223,0.11309140587770744
-0.8939337334218641,-0.07441730217531028,-0.21665436120829895,-0.08793289757562495,-0.08519993125438297,-0.7707047170735232,1.8940726146117728
-0.045269498701609734,1.0,0.5597212750499264,-0.38579549356314025,-0.9734693479798191,-1.0,-1.6178116825689168
-0.650633744859504,-1.0,-0.25502646976888343,-0.3566634563524138,-0.3577127347536522,-1.0,3.4442433685116476
1.0,1.0,-0.6487828320465887,1.0,-0.3882536176858509,-0.5594810061662124,5.8003184452449865
1.0,1.0,0.190216209337573,0.8582232496898801,1.0,1.0,-0.8276409385272825
1.0,0.16973388265980294,0.951687170849404,0.9723365203163593,1.0,0.3114740402490275,-4.893023897071749
-0.5886329817665759,-1.0,-0.1792543889989031,-0.3716229860665204,0.8974142734017602,1.0,2.826611654699856
-1.0,-1.0,-0.8907564514904369,-0.7262526007709125,1.0,0.7703337303294974,-1.9682933351997003
-0.35951869545531345,-0.23414280048950642,0.4114823272164404,-0.9527974335259725,-1.0,-0.9191254785076717,2.7589855507571106
-0.7115901395732036,-0.6047338520569245,0.15402584595980523,-0.32573895156975297,-1.0,-0.7361123856625975,0.2857821631058188
1.0,0.7018824718482912,-0.03604646745299256,0.6817324893834407,-1.0,-0.3065699153341346,3.6706827386517658
-0.6280858887173557,0.4985971912058573,-1.0,-0.2981420748791727,0.0032863754666059286,-0.64041722724645,1.3437811204813759
-0.8669599321013556,-0.1248181260555059,-0.4511072302553387,-1.0,0.9936059814981725,1.0,7.760721016542522
-0.997504729175479,-0.4712201984245573,-1.0,-1.0,0.3032003454867545,1.0,3.3417070728219307
-1.0,-1.0,-0.8727663501345599,-1.0,0.14749787294835448,1.0,-2.685900040163327
-0.7725605898673191,-0.5444031039836279,-0.2942052339437288,-0.16762050822226882,-0.546363290806202,0.5096634636721661,-1.975103172194911
-1.0,-0.4811300929637207,-0.2966909369620014,-0.03685736432524722,-0.1296054592911,-0.6274505622599897,1.5756423233025671
0.32797529057405184,0.15638043262534318,0.00941128008962755,-0.7149250521554997,-1.0,-1.0,3.867232737825401
-0.3394005772572726,-1.0,-0.32702233681637716,-0.7261630268850581,-1.0,0.1952352245958519,1.5932856866615888
1.0,1.0,0.053752999189766504,1.0,0.4727773439302876,-0.6751220036971919,1.4619641624172002
-1.0,-0.19089571637350766,-1.0,-1.0,-0.42790164189400115,-0.5147398695636236,-1.104856558229161
0.5548143388858071,1.0,-0.7778369548489974,-0.6541877115237209,-0.3482475125300002,-0.467390526098842,0.7696115515972168
-0.6914128219507121,-1.0,-1.0,-1.0,-0.7024487523122301,-1.0,3.690374248676782
-0.2333357697974765,-0.039508805821140136,1.0,-0.34991942162145345,-0.7119332522838954,-0.28385953046598067,-0.0002484118891221687
1.0,-0.18188400999998944,0.8912836669650859,0.5274855451441921,0.6037532093988031,0.8656396710586883,-3.571235603599199
1.0,1.0,1.0,1.0,0.48729737837704035,1.0,-8.41792243491464
-0.11765464458464714,-1.0,1.0,0.6306342781033116,-0.8235483678128639,-1.0,3.5529172837270098
-0.1023639429930896,0.2102162909428032,0.07253240546793405,0.5067131039189874,0.395998725890502,0.15577176542184357,-0.068665008653296
-1.0,-0.953270010693217,-1.0,-1.0,-0.6428333971127121,-0.8400529358663114,1.3480296721702736
1.0,1.0,0.18120571462683954,0.8278701206599203,-0.236629040770291,0.703010741440743,1.633187396033005
-0.7684927897665557,-0.08112056008361657,0.14119812861893632,-0.15878276059076923,-0.6903160425423851,-0.7229569263902311,-0.9868883073941569
0.3797027854890216,1.0,1.0,0.2996630026234912,-0.5252298609179951,0.6557693272484757,-2.89233325913778
0.364796089759046,0.38720411671759103,-1.0,0.2687480066488739,-0.2384303768360917,0.19741707456222712,-0.554839737995384
1.0,0.7674245334143293,0.975829054745019,0.35100665282882226,-1.0,0.1760807321046961,2.0370386766464113
-0.27850514943435367,0.0250220029731566,-0.8930813366419232,0.4853295240180452,0.8347254982377237,0.5139264359577405,1.669925673489022
0.4093311210739752,-1.0,0.23029388439140405,0.19099786093729926,1.0,0.7592439356841107,0.03590539195902159
-0.42383858061578894,-0.595852603824498,-0.3364438915141338,-1.0,-0.9007912777710266,-1.0,3.7218589393434445
0.7031747413786917,1.0,0.45594052186165235,1.0,0.7623672342482191,1.0,-0.9845651982055756
0.561735213149748,0.6905155902761315,0.7171522081367426,0.3709898576986108,-1.0,-0.35497811991065487,1.832409889475519
-0.7868401445500801,-0.6075428274626978,0.8588087588169262,-0.48335634035428454,-0.8720256861388038,-0.9811963330643869,1.814251967961251
-1.0,-0.6156848185126836,-1.0,-0.6979418402386679,1.0,1.0,3.760116438941994
-0.5787014213125269,0.5499163034877417,1.0,0.6612631926072443,0.3400329725999982,-0.061377403567730277,-1.5177633733346734
-0.26945501436016417,-1.0,-0.12324878892948754,-0.4868512690589295,1.0,0.8681850544397325,2.119559352380358
-0.2743166503484502,-1.0,-0.999394530141727,-1.0,0.4114378551281116,0.5286606391063127,-4.582045822451679
-1.0,-0.28392976510029233,-0.21455366800417053,-0.34162345122557913,1.0,-0.3011413585957954,2.2832196208970594
0.22662313713468174,-0.11630705199520841,-1.0,-1.0,0.026771612233700115,1.0,4.158764759905684
-0.41002332284291276,-0.19477066909900687,0.28547302843177197,-0.19888785700188438,0.10493915120264546,-1.0,3.52509923422135
-1.0,0.7232695441181287,-1.0,0.8326505181207483,-0.476329936801239,-1.0,6.606155433875305
0.1436111993633823,0.3507270608672286,-1.0,0.8770428863142772,0.03614118143932285,-0.6880701268891156,-0.7682773365787932
-0.662484888514445,0.3914306333277127,-1.0,-0.044044874353029506,0.10416771126660118,-0.6527163411409647,1.4752763519874728
0.7336880542114661,0.6169632274401096,0.7608211348289374,0.7765203362535454,0.35436154102302675,1.0,-0.6162442794888583
0.4966899213800998,0.8595131202456538,-1.0,-1.0,-0.7688933198589187,0.872246129810598,11.070473961348782
-0.6961615191465087,-0.43444276544671423,0.3917161059167119,-0.21961900873690732,-0.8099689133634931,0.25425391544887105,-2.3134317601905736
0.1078534293952556,0.5642136856697832,-1.0,0.16170839120998992,-0.6205782448995885,-1.0,2.9350235963564333
-1.0,-0.2750402977209006,1.0,-0.1222854367123199,-0.15156740300005855,-0.9262261149099388,2.5078021978013423
0.13475640501109765,-0.3379646214023594,0.28945449958100683,-0.20614673069565892,1.0,0.0832246133064447,-0.875217047991275
-1.0,-0.8622658509474626,-0.750205494823355,-1.0,0.485357053295397,0.43127956133671375,-3.1525432239962075
-1.0,-0.1711654041020605,0.0846939000657041,-0.4127212269122478,0.5072121690525331,1.0,2.9401400088441076
-0.46628142304938813,-0.017195513828238362,-0.509978939043576,-0.6909423722069996,-1.0,-0.29010657157421504,-0.6590889576398383
1.0,0.2798649916843709,0.15392344228081734,0.47687004684306344,-0.917668363429682,-1.0,7.901491641958568
0.053317784644483335,1.0,0.48418891467830893,1.0,-0.8505964497787589,-0.7041129453991984,1.8377638525799824
1.0,0.015569274181110426,0.3662636883760342,1.0,-0.4996780637934517,-1.0,7.659570019978151
1.0,1.0,0.34189767915505165,-0.14020663942910527,-0.61768608235363,-0.9675023573964945,4.445495112548067
0.20924347443116043,-0.3794422072277743,-0.0984600284425532,-0.5627042431962359,0.7877944556355048,0.5412970237736872,0.1789632504709282
-1.0,-0.0831630934652699,-1.0,-0.6915361501746227,0.016881653412266412,-0.5912963575903957,-0.12307281853465879
1.0,1.0,1.0,1.0,-1.0,-0.8994256313211436,7.614596011273714
1.0,1.0,-0.8645784354655639,0.9227916235873667,0.6746350486586202,-0.1637385755021462,-0.6864019102359946
-1.0,-0.20672536333898184,-0.062080146244336276,-0.4192413713271748,-0.8483419666894219,-1.0,-0.704262373701581
-0.21570278331242987,0.6122103422719936,-1.0,0.4186840562679456,-0.19619636721364198,-0.24598573178577632,0.12015275246332002
-0.29123336396835403,-0.04845168574687553,1.0,-0.4787340622963541,-0.46863344093575343,0.14323393242424742,-1.1048507076026617
0.8180598823662968,0.3140144619699004,-1.0,0.12496201841912935,-0.7611766339536168,-0.5286927639470208,2.659703525092187
1.0,1.0,0.7823427241146471,1.0,0.14782280153854266,0.15535462274077233,-2.607398412845949
0.6451740127217713,-0.716344533810966,0.018736408413684125,-1.0,0.5117074368969772,1.0,-0.2247633482205351
1.0,1.0,1.0,0.7681991641507877,0.30146972681061435,0.46249611424383885,-4.740599603063041
-0.9366561805380562,-0.28161997957034113,-0.38142836124496404,-1.0,-0.3627228451052993,-0.8050342484024398,1.36384712917163
1.0,1.0,1.0,1.0,0.7233586323281328,-1.0,-4.212161703096227
-0.5706222078018954,-0.7418373409684376,0.5857714086290551,-0.6737120890870347,0.17105740260731622,-1.0,6.005511379399225
0.5602605769840023,1.0,1.0,1.0,-0.25757762306196774,0.4406990859206174,-3.167444475331467
1.0,0.356007156728646,0.6141709377196897,0.7639536773305723,-0.43136316631048666,-0.9094764812282212,5.300665972850112
0.7295793772063464,1.0,1.0,0.305366170841554,-1.0,-1.0,1.6873673695840787
1.0,0.18893913805874074,-0.45732618370916356,0.6387696851200441,-1.0,-0.004761219022394014,2.8995594826889177
-1.0,-1.0,-1.0,-1.0,-0.08811640451504826,0.0498699818147913,-8.336007297836563
1.0,1.0,0.15716440973016543,0.22165259901872292,-1.0,-0.017535774831840156,2.999946786203742
-0.4640121703768839,-1.0,0.5376070090348173,-0.625927099171645,-0.1544399278801167,-0.37035219234844435,2.5227129568242423
-0.29082250525083053,1.0,-0.5588260984235566,-0.42915119862335444,-0.05633855995992437,-0.907529383424174,1.6630808146705844
1.0,0.8987951746648221,-0.06244133405090735,-0.2199250790061137,1.0,-0.5550871973910448,-1.251431195269178
0.8647048498535352,1.0,0.4389551754054233,0.33286887614505445,1.0,0.24804102351781493,-4.194264488410962
0.4387945416095648,-0.8131835192401389,-0.6360379349276063,1.0,1.0,0.22474274763577728,-2.355956281644407
0.1613000492989498,0.009027840297827189,0.7354980588992044,-0.4167525260722816,1.0,0.2830941420389548,-0.6996267851153617
-1.0,0.24732177896487334,-0.08199764755330219,-0.29393363990709465,-1.0,-0.33028936138456166,-3.375810687483869
-1.0,-1.0,-1.0,-0.19970393883774268,0.0022236087924364795,-0.843920916467984,0.7200422838727499
-0.5656918440439125,0.13738818768468924,0.007525269561224623,0.20014593073194215,-0.7188362352826497,-1.0,0.8599074896505091
0.9644624496532015,0.5206532628157432,0.5902131849938881,1.0,0.00393878454248342,1.0,0.9295742027397953
0.938549094755849,1.0,0.8942175806009294,1.0,-0.7442728257847171,0.5731625184703314,1.2990851192708628
0.48990132685789933,1.0,0.8363521765602961,0.5580144436790484,-1.0,-1.0,2.752864474801558
-0.09946925160301251,-0.2974524272591995,0.9860733051698405,0.07262034614412335,-0.7271287545934442,-0.7347799657856996,0.9207826379961339
0.6916099766127531,-0.6957430440009003,-0.24353766617477265,-0.4098352856674337,-0.11225718987854605,-0.7110161048794326,2.352254158574838
-1.0,-1.0,-0.3658508114608606,-1.0,-1.0,-0.05254860787046822,1.640559392544948
0.18616372206114606,1.0,1.0,1.0,1.0,0.8024772610572227,-7.213085047241145
-0.06497364860976862,-0.30782297560710736,-0.7663213474039623,-0.18671982012905652,-0.9271463923191046,-0.6179069531530543,0.2854970281433316
-0.5676602684219115,0.38110761273249916,1.0,-0.29377478163117826,0.2773301234331911,0.5698877932721071,-0.7863266368199642
-1.0,-1.0,0.4251643259699736,-0.21468486239109363,-0.01219516205993576,1.0,-0.6796504399042185
-1.0,-0.6915975218421746,-0.1198382485153553,-0.4417527442312078,1.0,0.2938216431802475,1.019453110366074
-0.8191481415660764,-1.0,-0.25822218607926883,-1.0,-0.4249421869506297,0.7974340989282733,-2.861293359304158
-0.15084861671491456,-1.0,0.06448059746314558,-0.46613584847359263,-1.0,0.19489252301710264,1.967461144854541
-0.17802208146862486,-1.0,-0.2393301229210461,-0.39073433103804023,-1.0,-0.21373644795582492,2.2817383587563658
-0.008451323997743954,-0.6317914032739886,-1.0,-1.0,0.24191308315649107,-1.0,2.9971260203610623
-0.5609209385033138,-1.0,-0.5489542239547709,-0.3028607514353556,1.0,0.36131731737411066,0.1113691158072515
-0.6296736425475455,-0.24982085673854737,-0.6116488762528166,-0.8960757899545724,-0.26176910116667573,0.9654043573956282,3.311714371926821
-1.0,-1.0,0.09119640940382889,-1.0,0.0341736502942086,-0.2954387560053191,0.39534882032174107
0.4705119548284977,1.0,0.10142021045027994,0.22799960737401692,1.0,1.0,3.47600788059411
0.4965975967280505,-0.37718474112786926,1.0,0.3793583906501137,1.0,0.012115973949682113,-2.4840729432678614
0.7022016493051233,0.5557605571057521,0.6101475879524985,1.0,-1.0,-1.0,8.541678168752476
-0.237357743546553,-0.38455227083500865,-1.0,-0.21863711241594186,-0.0038027664080783896,1.0,6.8747492497191605
-0.1056590981601574,-0.5519142000078465,-0.7048672153969944,-0.38645430907283895,0.25515819388702,0.7838259501245723,1.5160190909693239
0.5277163316864573,0.7949437700690984,1.0,1.0,0.47234386875770307,1.0,-5.748335581166222
0.010193356194045891,1.0,-0.7751581214328034,0.038876714700161866,0.34713458576827944,-0.1036758765745992,2.1933634810609366
0.8033883607245511,1.0,0.9601326568124209,1.0,-0.5981763119899263,0.19315001796262676,0.3275821186846216
1.0,-0.4754225240535379,-0.26297843290201983,1.0,1.0,0.06672900168519957,-2.622775513812578
-1.0,0.9644107946894349,0.07121837512668976,0.3197316946533453,1.0,0.23973761135341004,3.2078773935249156
-1.0,1.0,-0.4654231231068715,-0.5497477098158325,-0.5430533084956708,-1.0,0.25228920591060916
-0.4785659473379425,0.6617640756538767,-0.5081379367175674,1.0,-1.0,-1.0,2.48923603573339
0.03909748997452178,0.133142384437542,0.037913357552595145,-0.26675297360297695,-0.2250077758938025,0.31490140931268656,-0.04006490318169825
-0.2821263212785179,0.014985020241674363,-0.8311238959401595,0.9928064151121452,1.0,0.18890163483080358,0.22112395267732454
-1.0,0.03993376598469098,1.0,1.0,0.060845844164535645,-0.7742498678465527,-0.09899781118768392
-0.08697602668611709,-1.0,-1.0,1.0,0.35309443754543157,0.035819200691424385,-4.7858198824751845
0.49242607467019495,0.9230951783641357,0.47497223900167995,0.7509124134243939,0.7991959183675655,0.48843199359033507,-2.421998990563608
-0.3254636504816144,0.9431874260423951,-0.23699996170340976,0.9962524692417526,0.8063475812516483,-0.9000510252612831,2.240565119805108
-0.17424982279499612,1.0,0.5176930878099727,0.14684735332139598,1.0,0.3933649852585255,-0.339033214503166
0.0003845613909653628,0.7561420992731402,0.5256450053016536,0.4091006919442692,0.6484773415178919,1.0,2.0064427829783638
1.0,-0.17067951097541306,0.09912812789456704,0.1798033846149738,0.047214543200942316,0.08514846991115121,-0.7843489104379475
-0.6269235035536235,0.3309550465638549,-0.31680334605801863,0.5054736791943082,0.8555142323097362,0.5937489959256385,2.0915140231091596
0.03338510699149455,0.5028512824310594,1.0,0.7095459207279227,0.04989805113456603,0.1580648893061194,-1.2684286724333957
-0.27751694206171007,0.5939757364081248,0.2416588959390199,0.18929834526494432,0.6286063126290218,-0.5074739710631992,1.4627833981723193
0.07354806295538863,0.7207047113058132,1.0,-0.3494882863723731,-0.03162922964515304,-0.44975654719369107,-0.16625136900289572
-0.12625447355699204,-0.07992910693672789,-0.08930993926264513,1.0,0.6964057056316744,0.07881949749926909,0.06824692979199964
1.0,1.0,1.0,0.7175778578592038,-0.10230039970666324,0.10254134066155696,-0.9900766846342886
-1.0,-0.33433294126921537,1.0,0.1912102163683965,-0.4788972710590982,-0.39059147015401363,0.017130021570836595
0.6762940737535399,1.0,0.8454521387811729,0.5005386056129668,0.6520011728602972,0.467452665533689,-4.960893276084581
1.0,0.5330914888035012,0.22856992206547466,0.861875660210046,0.7060155166067483,0.5595644700545921,-1.7912967454018032
0.19783116624694363,0.4278237260921857,0.28264543901954986,0.38090389258704505,1.0,0.428249740688337,-0.5431759573311936
-0.23788963171865474,0.18177583313238999,0.7141389246934617,-0.08359870995369167,-1.0,0.23402194282353028,-0.8577535607709276
1.0,0.5471854209994651,0.007430094384516028,0.25802757934436893,0.10843617829522612,0.4384855037940576,-1.039351537591473
-1.0,-0.41907104563976266,-0.4722379075891834,-1.0,-0.5836255087494424,-0.7529160103751473,1.2778435529621905
0.02182276875889444,0.9948631006006952,0.6803485112810832,0.10204592000695648,-1.0,-0.9268899129764581,-0.8284208703804589
0.9210624205345546,1.0,0.8339972485269638,0.1305888930496234,-0.12811003948411548,-1.0,1.7394153688641127
0.023769869886185457,1.0,0.13682073523553195,0.16667926310288683,0.04665633752280507,0.760727586625588,1.5601611342647401
-1.0,-0.7637411135403877,-1.0,-0.37021155941577666,0.49870235875691193,-0.13464075538137388,-2.536727397286797
1.0,-0.11259786224771862,1.0,0.6364237731582021,-0.34933768342466187,0.2959878260190678,0.779101649618169
0.5836712731709475,0.0929248050457101,0.28043143808092785,-0.40818880699984217,-1.0,0.5481701748038817,2.168218190376905
1.0,0.952088279113452,0.004908444066894391,-0.16430769838940526,0.13624347692077227,-0.2631131053383812,-0.1867098651625943
0.20103745935333206,-0.4442461834690201,0.18466485468354465,0.8954819588583273,0.8768277510776346,0.834318466208648,1.4763533663211295
-0.672294167250624,0.5505536263558338,0.2254140268369559,0.42502930662799343,-0.7855211327657939,-1.0,0.8034723339896755
-0.5457659954534659,-1.0,-0.24541123867340742,0.28366274545337616,0.8805520103383526,1.0,4.273637462691497
1.0,-0.9277884153731899,-0.5325855748237804,0.13157886464666652,0.9422796815968806,-0.689972944290528,-2.660389526457661
-1.0,-0.670745576111409,-0.774723776935138,-0.9745451044491041,-0.39701129748555253,0.1759607749099782,-3.5322252804168195
-1.0,1.0,-0.5174129277947399,-1.0,-0.9304221499445272,-0.7430114219571067,-1.177730605682687
-0.26387958989959476,0.7747164717708541,0.1009758833873996,-0.2758542635823423,0.034024981660969456,1.0,3.2273908603087866
-0.31054944962640874,0.3073157112529339,-0.4645799148091554,-0.42115764059058924,1.0,-0.3238070169377823,1.3456249284633466
-0.16468162848619222,0.897871963829334,-0.6066454529310414,0.5798380790683494,-0.7174328936846004,-0.4132965814233461,0.6017151730018162
-0.10300454841941056,-0.42241737442888094,0.061711877159333905,-0.2431392299041055,-0.39051832136772235,-0.34388453228158367,0.5791809222211571
0.7708333174269449,0.7725271154098364,0.520489991369031,-0.4301189456713743,-0.002663708326423153,-0.16195417212172214,-1.0943290972632436
1.0,-0.9919699477444439,0.9146406911732138,0.6968157113499287,0.2786673761400683,0.6004531058614255,0.09609995371856017
0.024301109014369326,-0.38020837847377614,0.09988996078839962,-0.815263041322326,-0.1805539959258211,-0.25119577369661805,-0.1568381222968226
-0.38402489725713207,-0.5297908607311724,-1.0,1.0,1.0,1.0,8.14573729440165
-0.04575526807911673,-0.005485322113600505,0.9401206779998341,0.7079162713022151,-1.0,-1.0,-0.2596006121164076
0.98078716740461,1.0,0.34098048513022283,0.09793022913560845,0.5741200842885755,-0.7688440889871044,0.48228811231607305
0.39954490377744745,1.0,0.35297448501123185,0.4825092684607917,-0.729765940190041,-0.6254395608509727,1.7077101098514387
0.557206406519673,-0.04082428924246395,-1.0,0.13449251540839446,-0.23997725357027633,0.6998573706723139,2.9977268581117444
0.8643873360317396,-0.865274208109297,0.2613986608110703,-0.19185043207484204,0.7009270615256167,1.0,0.07908949409708255
-0.3666130520638131,0.8809277786881109,-0.3978097624125029,1.0,-0.2984561998882047,-0.011420134149798034,-0.530896173475694
0.5891086566511927,0.9004871636731666,0.34528742273672797,0.2403127654065883,1.0,0.4300935380024282,-0.9308315922503608
0.4428829778271596,1.0,0.5697193571479167,-1.0,0.08311166354401944,1.0,2.9921877211679586
-0.7675461411813784,-1.0,-0.5735832820096232,-0.44601174914974084,0.12844214185158676,1.0,0.19545184784480926
-0.06974292416750955,-0.9424619107725248,-1.0,-0.33242282443882065,0.7280891596731607,-0.3468557475108571,-3.042506230382269
-1.0,-1.0,-1.0,-1.0,1.0,-0.6038072107948853,-4.854877748482696
-0.5965752430840088,1.0,-0.04436873121076129,1.0,-0.3105805430453945,0.7504078280061501,-0.9268378827272122
-0.503940421032351,1.0,-0.2031497321475494,1.0,-0.01871806876679305,0.07352570278108406,0.04194748519198621
0.7756389383193318,0.997470835864147,1.0,0.2316285258676025,0.6888065563008329,-0.7191212941451786,-2.7347294981868377
-1.0,-0.5633566256756517,-1.0,-0.09738809562538958,-1.0,-0.3890580568338151,-4.0289050685994745
1.0,0.6190983845057899,-0.9477751979922111,-0.5992769228011717,0.5181000662698463,0.5585086678533018,0.5273084384331022
-0.6413941367381972,-0.6993468625112012,0.21997060918137157,-0.5132416058353262,0.7883178943811049,0.32170286849978696,1.7080323558129038
-1.0,-0.41149734326306336,0.05193400387358893,0.3899945531924815,-0.0966367566275248,-0.48585012441821657,1.3760877406700267
-0.95704304371843,-0.48401496061829663,-0.6751110382027887,-0.5866498483726389,0.9168784093323015,-0.12231466342577779,0.8906436213524098
0.4610911937296634,0.29236221638600546,-0.13863709020587603,0.03453484964615117,0.07207964857511268,0.23717321789352347,0.30054825926604567
-1.0,-0.9358988187275525,-0.38417838119207137,-0.35734966803991597,0.21517095850696094,0.9807119279215187,-0.18467375350830234
0.9541258139119473,-0.09661720125473003,0.38444841988609435,0.91344223625492,0.238105039084055,1.0,1.3019767125341246
0.8826546463673576,0.33333820093540933,-0.5527235898172616,-0.19302965571942265,1.0,0.6517148575539032,-0.6893365325712429
0.08088383826039344,-0.808326879503074,-1.0,-1.0,-0.3185221464563437,-1.0,2.5567589640206068
0.232288809343693,-0.6469884739630885,1.0,-0.198915380849628,-1.0,-0.3246417434734534,2.1432820055320585
0.23288292769081564,-0.018919006352831308,1.0,-1.0,0.9222415611513458,-0.8067765382657883,0.022825700127259763
0.9559304843409504,0.7432352057614666,0.7557036088887787,1.0,0.7997731353443505,0.10989926710381082,-4.176078565016657
0.2906289617018599,-0.23100584640499555,-0.705280275790112,-0.5159912723057443,0.683592950394153,0.3910526447315833,-1.1129055748854066
1.0,1.0,0.14036428632581166,0.9902083610503545,-1.0,-1.0,11.370937582808013
0.8704549723981067,0.03716122312431988,-0.2679986541346925,-0.9040544501414516,0.3762945352250037,0.924076837673339,1.7233575354705297
0.25625941740919767,-0.6951885415392884,-0.19228939826769448,-0.37619415116536314,-0.6886781625931693,0.06447656625974124,0.9672901773660083
0.03273784381968947,-0.4265873585798554,1.0,1.0,0.8759858839022931,0.6988638924360135,-2.5557283098975034
-0.039941999175427956,-0.7616555183022748,-0.7725794773797328,-1.0,0.3262880040897945,-0.5802759351667353,-0.5672826137764103
-0.20358980476520272,0.7310011267358243,-0.23861525684395019,-0.9184484509228852,-0.5395419080823414,0.3799179347362276,2.730150744792188
-0.8450065868704841,-1.0,0.21597198798700867,-0.3451599894828902,-1.0,-0.587225188270153,2.131730946956742
0.6802414234143781,-1.0,-0.18737803619630922,0.29181461332963377,1.0,0.2999835744722568,-1.9370239604763069
-0.76168822731926,-0.3088568061024216,0.7897250755800634,-0.6568485500269994,0.654553641088744,-0.2500130140170088,1.2051641491666285
0.350583830492889,0.7035739429968811,0.4041010410435878,0.9957447349804516,0.772378398273907,0.6315151118299378,-0.887066236826521
-0.6036308082790697,-1.0,-0.4303972853080461,-0.9730818997708228,1.0,1.0,1.0610218542119956
-0.29648717794810836,0.06445686375386339,0.26603460359417214,0.9931996194196298,-0.565167943527271,1.0,1.3231165590459866
-0.8705365747531244,-0.7178040123227215,-0.9407795491999065,1.0,-1.0,-1.0,-1.7232489656346532
-0.3482263284768654,-0.5846668332598686,0.543726581351405,1.0,0.5956766753286087,-0.13737790853235116,0.060549710680798285
-1.0,-0.16496770952503104,-0.6788605897487465,-1.0,-0.4394982546757197,-0.8598741986059778,0.2008781058660718
0.8708449434512596,0.4021388520431371,-0.1375422717921532,0.0008839437712394593,1.0,1.0,1.4058037609382126
0.3232944799376914,-0.05450672209338647,0.9479381854797294,-0.8329555214691708,-0.055532283855454945,-1.0,2.535133533679094
-0.4041169068102795,-0.024061560660807724,-0.528990326048689,-0.7968496691588013,-1.0,0.5732529083005008,0.54093820718116
0.6242201607348175,0.49897588073870963,0.18618272773578376,0.4576390573038861,0.4596390193828347,-0.23953084959693677,-0.6343330290106265
-0.07304494352204638,-1.0,-0.2179554258491705,-0.6876642733900227,-0.005246941456853976,-0.21227579167893953,-0.3583017494296672
1.0,-0.5028784505067094,0.04263588718878669,-1.0,1.0,0.5213299112413492,-3.0304212874139655
1.0,1.0,-0.3667866272132604,1.0,0.1469306298777885,1.0,3.579289822912586
-0.07200722015806416,-0.4185557610245927,-0.21008346363076297,-1.0,-1.0,0.3404736946868679,2.3798992290498946
0.9859435496019489,1.0,-1.0,0.6012106566014472,-0.3434536676248856,-0.8097318699126586,5.23407630801283
0.7436415456745352,-0.7130085345025434,1.0,0.4786877262244704,-0.5190259350906874,-1.0,5.773975901273901
-1.0,-0.5239425725868532,-0.47007577871521333,-0.16632509692618092,-1.0,0.8904329283911616,-0.8899941759716716
-1.0,-0.12551946502817662,-0.9491106221672609,-1.0,0.34420637112980823,-0.33824160475715914,-0.7284922852709865
0.458774385671906,0.5999701711530399,1.0,1.0,0.5989254136052962,0.00832889153970967,-3.8146689571931507
0.12259297080280082,0.21843447915015596,0.4880277730941757,0.8227190428868105,1.0,0.106697626892162,-0.07093940360018677
-1.0,-0.3024515642177541,-1.0,0.6846781967263935,-0.9394962274187082,-0.8387054969355547,-1.3139171499613629
-1.0,-0.27650648722273674,-0.5568618757368254,-0.07876271540883883,0.9312636496405031,1.0,6.99529538472151
0.12397998090296103,1.0,1.0,1.0,0.1223722892564989,0.6005385899627811,-4.800534186523955
0.5952169349860613,-0.9283330554640554,0.45616655942632756,0.09237882752009496,0.1432199200147174,-0.19583933601326065,0.9420229742439246
0.3493691333190137,0.1544311005889411,-1.0,0.02765766499253841,0.688621098166931,1.0,5.226891120502133
0.6692180948406539,-0.36490261017200176,-0.20103171370342487,0.3830967568901903,-0.8491636745239151,-0.19396653474713327,2.2441131033541786
0.8337485606920647,0.2455805495398753,0.7766129594293045,0.6636247418099446,-0.43107926841535504,-0.37750819417299875,2.2323045526604175
-0.8380507470824428,0.16315152296064617,-1.0,-0.601135177750401,0.4853591778693809,0.6862712804038749,4.051824172046081
-1.0,-0.39878987109328734,-0.18421151016936155,-1.0,0.14564521331603958,0.8326475084262728,-0.33341392434829303
-0.012322451615929902,0.347400805451871,0.48807685493539477,0.8777748446953455,-0.7704750577921061,-0.5410605891976122,1.147958007526593
1.0,1.0,1.0,0.9386698311505144,0.3633950529723061,0.5110956362900801,-6.46777948153711
-0.517527071439513,-1.0,-1.0,-0.2752579788403767,0.27805867598452144,0.16755033207276848,-3.1108082926097183
1.0,1.0,-0.6144966723066678,-0.7479863116403614,0.17559532028589733,-0.9464120980920085,0.513236583841086
0.3380707860827814,1.0,0.9804881412076871,-0.5596227423713453,1.0,0.9580000506005624,0.31385198713288653
-0.851375884008186,-0.5013464362905067,-0.8767458615195316,0.3011494064811335,-0.2784688499286705,0.21960508422858463,-2.466109115600371
-1.0,-1.0,-0.6791007744043622,-0.8902966631326827,0.5118453729802146,1.0,-1.0227928349824658
0.9766023867002636,-0.237222203001958,0.643372479076705,0.6228578427956613,-0.3978686708983977,0.670682451736272,1.1189543216116327
0.2789846301737371,0.2528518715024215,1.0,0.1667302142578262,-1.0,0.5022295684358955,-0.5876926412928772
1.0,1.0,0.6686281051156564,-0.5063251193136922,0.5477942926094957,-1.0,-0.9078729036025123
1.0,-0.02146606513386251,0.23959159291539156,0.6711519404709796,0.4688055800985636,0.7711823113320326,-0.5661719837568188
1.0,0.3492748553019005,1.0,-0.1553646771035727,0.125882296055693,1.0,-3.233133027818159
0.7959697963289339,0.6427654712691895,0.13878466173793147,-0.02586666030078688,0.7185800914925276,-0.30244745882538376,-0.685594670468622
-1.0,0.7680469269618985,1.0,-0.7443002330780869,1.0,1.0,-1.6230928706957746
1.0,0.39154185158592936,0.9233373845423913,0.484105251805213,1.0,1.0,-4.7307317700111335
1.0,1.0,0.7702831482863328,0.9591503776118315,0.023376713272661567,-0.5640096288906068,1.287051093218572
-0.8493500261277658,-1.0,-0.048501520764795636,-0.8978170535175216,-0.18520724186023332,0.8715398495402693,-2.8868959963203844
-1.0,-0.3917060069894237,-1.0,-1.0,0.5295917286429407,0.47406684793463727,-1.224057983054024
-0.3349564940258305,-0.1574122143184122,-0.27372581628317627,0.5065296355294235,0.3026937917852095,1.0,3.5300402239013913
0.8736499480181594,-1.0,-0.3101841238125335,-0.6252754911324936,-0.810243530402336,1.0,6.502351230133157
0.887507956788723,0.6075508033423982,0.4213844761647878,1.0,0.9256376272775826,-0.33829424870854224,-1.199207145532583
0.9213357371591424,0.5635455304445258,0.9414523527774488,0.37479295557998915,0.29346718701807617,0.5316740293256359,-2.7121957616108854
1.0,1.0,1.0,0.43444751783364266,0.1505879330349224,0.7013778149096339,-4.9191187018219384
-0.29379310775085693,-0.3143977321737226,-0.9406954271489191,0.9777548148478366,-0.4787447492858195,-0.4456189629598994,-1.1819951916249156
-1.0,-0.3317182212094867,0.2586032249511292,-0.4868210135716873,-1.0,-1.0,-0.725097285006731
-0.5689009195010819,0.41640089269737773,0.013063491540023175,0.40149176299152467,-1.0,-1.0,-0.47291441396378325
1.0,0.6845882402584005,1.0,1.0,-1.0,-1.0,8.118779847400248
-1.0,0.25332378982437487,-0.639877070928826,-0.7162240664974109,-0.5192888686979474,-0.3324137020360254,-1.2565263750470088
-0.2806165922417765,-1.0,-0.5428116106953542,-1.0,1.0,-0.6474961782509545,1.2807532258446646
-1.0,-0.5061528341955133,-1.0,-0.02426052822826441,-0.37047898219828224,-0.4398564884002356,-1.2534297207758216
-0.8366281513534107,-0.05684213051977772,0.4360695347654471,0.03453828003988746,0.29962871869833474,0.254604583178592,0.23519812767941034
0.25580458611118806,-0.2850444411917955,-0.4886538083302513,-0.7052483258597999,-0.4106441887560314,-0.6518117098687846,1.5639091787498325
0.5297790397747981,0.07632992928706805,0.04708548468401896,0.24790848971129176,0.4836540205638673,-0.36019728716914307,-0.4355646990599534
-0.4456051911954555,-0.9303801585118521,-1.0,-1.0,-1.0,-0.3645046817488935,0.996503551353066
-1.0,-0.5732075382800188,0.4738631852580658,0.36058400881293884,-1.0,-0.4112323280304841,-1.0015105362047514
-0.6822822130823097,-0.14575952842461964,0.5836502793538527,0.4407857249258016,1.0,0.7202713169142911,1.165929666652211
0.1371402140493635,-0.6279802914074721,-1.0,0.7504836819721787,-0.07170964052798523,-1.0,1.8812924225152658
-0.8599649329914762,-1.0,0.09985270866201579,-1.0,1.0,0.8100068033012603,1.2239522083313885
-0.05091351648237838,-0.18783951000065946,-0.3143651398948939,-1.0,-0.44444939209752354,-0.46531082359270565,0.5479768424209739
0.23476198353876157,0.10523784784492746,0.6702503972103975,0.4087285788263728,1.0,0.33936298449779767,-0.7431525589573564
-1.0,-1.0,0.25980337004413484,1.0,-0.3023808047993397,0.391704495496122,-1.0200849474057834
1.0,0.24226904660032722,0.7855559209028484,1.0,-1.0,-0.8761731456782993,8.491276699754511
-0.14270249159941073,0.08589978934939424,0.510079628474486,0.9058434455820309,-0.5043613103869484,-1.0,2.329829965618841
-0.09368325801095068,-0.4259164994414275,-0.8308014187455368,-0.11158325818558046,-0.27169184384578304,-1.0,3.931965361136645
-0.863237095889449,0.8972137036375656,-0.7911312154674398,-0.09594502766680624,-0.6903312958497938,-0.23811000195360377,-1.1546379968894445
-0.34793117661777373,-0.1003897986132416,-1.0,-0.8966285065271615,-0.6742561876628917,0.9303125482160612,4.838924905340305
-0.34982321912565006,-1.0,1.0,-0.5043978435804072,-0.5653715481899406,-0.6849555018008413,3.9289497343394224
-0.800623617242606,-0.3205060532733765,-1.0,-0.16187849163017873,-0.9647604682194655,-1.0,2.7352520616337754
0.29499954734966277,0.4012738834626003,0.5926959242282672,0.5999721796622016,1.0,1.0,0.7256312499215807
-0.6188139377154993,-1.0,-0.21611422242307876,-1.0,-1.0,-0.3266631672898104,4.557023349551892
-0.7597478067191862,-0.6293652241967438,0.07431999160374209,-0.5789097372981249,-1.0,-1.0,1.8940769802011064
0.6229085231012835,0.3389481926323046,0.4822964761760198,1.0,-1.0,0.18761111234536273,2.6545199784958835
0.27190769760764,0.363322475074813,1.0,0.022385212581428143,0.9620633848589348,0.007370812781235636,-1.3176385881046941
-0.3568603266239894,-0.7231671211564596,-0.4972176783738113,0.22260451053221034,1.0,0.29989262872231626,0.12903839425893768
-0.23065248907560942,-0.5578971421257723,-0.07654708825426615,0.3542598247797507,-0.824832749648412,0.8138972850126219,1.21798827490612
-0.48485874181133304,-0.8796428638988951,-1.0,-0.8817529419001195,1.0,1.0,2.117670218534222
1.0,0.6975758359627771,0.3541640290314061,0.20547078735316737,-0.7110145151835271,-0.07914376579416238,0.8455822904637698
-0.07385878560319281,0.8979136684505193,0.7219059128303631,-0.3254053167546834,0.36651834635088076,-0.676541794749852,-0.8198488232876584
-0.31563539935126117,-0.0003463041735226047,-0.4508867142466719,-0.697446152811276,-0.5255328150629055,-0.5044085740010493,-0.4292948237515749
-0.9016713726043368,0.40251655970571487,-0.6442089747845302,-0.869462472564041,-1.0,0.39828255103858656,-0.25268308290083585
1.0,0.10047035121665093,0.45240677014280184,0.29064614818501466,-1.0,-0.795860852402644,6.004532211271744
-0.48199848708373905,1.0,0.2025005445691,-0.41854897346946307,0.21050989509443427,0.9382488746772862,3.154339862999273
0.6309860938433348,0.40162252269797394,-0.7823200918422165,-0.8120961708310651,-1.0,-0.3129396320311868,1.1543740826702187
-1.0,-1.0,-0.2851161477988573,-0.7983322682720229,0.10016380001281655,-0.18537416498953585,-1.3218022964857232
0.8956960398854392,0.9661358890455927,1.0,0.7512026104502383,-1.0,1.0,1.3353421231458562
0.7925022442598975,-0.6623277460820873,0.9720938947560119,0.9130337298780912,0.34834140899226995,-0.2703423171471546,0.8429537623273422
1.0,0.881144966987577,1.0,0.24101075728725996,-0.6700118668512115,-1.0,4.495422823926142
-1.0,-1.0,-0.9144275194952176,-0.7640664611997137,-0.7858938069165227,-0.09155338675483876,-3.106773179128335
0.7415587044329773,-0.293757993834043,0.8009245617950979,0.5207732456611701,-1.0,-0.5786811878402023,4.661995810164696
-0.9442529754601852,-0.7515327188486862,-1.0,-1.0,-0.9140422325439299,-0.4497222794396434,0.3802715132276655
-1.0,-0.700074937535829,-0.7034005266034989,-0.7033354989658739,1.0,1.0,4.860416242565728
1.0,0.4868895200301766,1.0,0.5567766801077749,0.4864341759755234,-1.0,0.3542791345996627
-0.2565254372262207,-0.006025329879296382,-0.25632613962164164,-0.2622183309476085,0.2011024163246401,-0.28513270232855215,0.3903309825275797
-1.0,0.39568697859214985,0.6627689176338447,-0.41671565807186833,-0.9121551532850003,0.22268480526834866,-2.368446198209205
-1.0,-0.3884456046922313,-0.6268354236412791,-1.0,0.6886544180031323,0.7069774992508095,2.6461151376138243
0.00958973926031792,0.6437017225870665,0.821473739470362,0.6349864180415903,0.37432674500120744,0.5990303340537312,-1.6833777949473512
1.0,0.11791167528929936,0.9202788020669467,1.0,-1.0,-1.0,8.76109921360687
0.9308371428836317,0.2469026433751783,-0.354255645960618,0.4250565511414368,1.0,-0.8888255582658412,-2.328232878558772
-0.8924773369961008,0.15406835267539143,-0.0833608197009431,-0.24866816272653436,0.8971298839593191,0.7292812287386115,2.9586687738007056
0.6283802963236076,0.07857312771506458,1.0,0.474481562029639,0.17613968448220554,-0.8593553478405853,1.1225232096667688
-0.2686328271228553,1.0,0.3499311669484255,-0.8354307038189255,-0.8061905849586908,-0.5171994261184749,-1.0158818403178853
0.9139724563834654,0.4781199701719435,-0.18369354680662298,1.0,-0.5035021330580061,0.2234000459487555,2.882254623005424
0.24339553591255583,-0.7595966852627236,-0.3267579711982436,-0.5390771181294751,-0.3372057054978576,-1.0,3.8184164946098558
-1.0,-0.16511717753923894,-0.27316065890611974,-0.025516070676780078,1.0,-1.0,5.8667573341203925
0.45947329096236034,1.0,1.0,0.7285730214386688,1.0,-0.12852166011484067,-4.955986750218215
-0.6026228802874897,-0.2393864880138233,-0.35856796994364437,-1.0,0.6236211591754396,0.06962315354792403,1.5044340099346643
-0.3794675894732197,-1.0,-0.6900311359597138,-0.5122518267252758,-1.0,-0.8891534940249284,1.4458641225568223
-0.9070454052964574,-1.0,-1.0,0.6100442927470886,-0.12088657533936227,0.2571969637048257,-4.30457266784817
-0.13938670467643288,-0.8716258306922009,-0.13839154529799447,-0.6708858430632578,-0.5532214556450814,-0.023978869533098246,0.038288196189342094
1.0,0.32694642587946093,0.17759058157314664,0.858171358571328,0.7656188306786583,0.34397444404303124,-2.0974401114172556
1.0,0.7835905918061614,0.7402746783984981,0.8501914214188,-0.2802626415004882,1.0,0.20319909521010068
0.8361377837649692,-0.8549265226944129,0.4209718191713274,-0.35715229111334107,-0.3530141689445343,-0.9829000620074784,8.432736707071543
0.5229541053262895,1.0,-0.6165451854966287,-1.0,1.0,1.0,10.142002978528014
1.0,0.8517357690978262,0.2750002003800789,0.8372784392910224,-1.0,-0.7232015289273963,7.0595213308677
0.09317199574793994,0.9518719273232705,1.0,0.6599286147456411,-0.058586063045625,-1.0,-0.5320165402382991
1.0,-0.6166431821303702,0.3600419026317707,0.3484484633606866,-1.0,0.08906062934452896,4.214748262788621
0.20088897716668597,0.20794715769690442,1.0,0.15922332212222878,1.0,0.20803087587324065,-1.1016951098690773
0.6631531251374009,0.3912247119504697,0.1372240175472615,0.7363125169516263,0.7575350473512095,0.5449306156146461,-0.4390202231029795
0.7201018880694647,1.0,1.0,1.0,0.45774090316004035,1.0,-6.61662537908779
-0.5342851682517484,-0.3272233714053021,-0.3135511786730001,-1.0,-1.0,0.7981326348145159,2.3761742367340273
1.0,-0.1297279538704943,0.43143184784934036,-0.8928781713481463,-0.8948799159784457,-0.37523029166542843,5.896541597107611
-1.0,-0.026228690717288172,-0.26833825181466353,-0.12045850214196174,-0.03445114054424647,-1.0,2.6846613291124037
0.5974518358696814,-0.3204883087858823,0.7635171537381591,0.5664679521840652,1.0,1.0,-0.9251520783700412
1.0,1.0,0.6360243184302319,0.8647099896327588,1.0,1.0,-5.202889937875122
-0.4090915228067522,1.0,1.0,1.0,0.5842840174422208,0.3280642299647374,-6.008233457902385
-0.7821584687292757,-1.0,0.5575443252551943,-0.7195863879497005,-0.28932857050122585,-0.907117608136486,5.676156266908008
0.4175408948220779,1.0,0.8136904715130266,0.6059312276017765,-1.0,-1.0,2.624612077444871
0.8209706173611908,-0.058448062139944135,-1.0,-0.5404353702411352,-0.5025648102963027,-1.0,3.019775762885273
-1.0,-0.058871012057116756,-0.7076844354581202,-0.1799518552023831,0.16198118210545775,-0.242069823386039,-0.7453492930828565
0.16294167661276626,1.0,1.0,1.0,0.10370766237040263,0.11501013613196054,-3.905668322779569
1.0,1.0,1.0,1.0,1.0,0.24845361829494472,-9.226960175889298
-0.16274050747254964,-0.40671901183589987,-1.0,0.33159360358334045,-0.631778634762335,-0.40331782486112877,-0.9297838176251169
-0.7604443437630252,0.8033678409746108,0.034391272576651366,0.4320332587445294,-0.16706632088158635,0.040358462382351856,-0.35876425664739797
-0.5796730879933683,-1.0,-0.5037171007436689,-1.0,0.41704726543274895,-0.21429486649736362,-1.9237550347432595
-1.0,-0.9063478266898726,-0.3829368695524395,0.1255360308968786,-0.7728072496296146,-1.0,-0.1503669196688353
0.8203546786896212,0.8983716126169686,-0.5822699412739472,1.0,-1.0,-1.0,8.308006176333464
-0.1767786973811043,-1.0,-0.7140885477916852,-1.0,0.327691793885151,0.3658621938503881,-3.413291059920072
0.9215175290183719,1.0,1.0,0.8304768080017053,-1.0,0.3395425969262651,1.8130119590185487
-0.311287065168556,-0.980766569661195,0.17327651024390267,0.020780756079917223,-0.4296871320259643,-1.0,4.56781190254564
0.23707760385500246,0.22889239208653173,-1.0,-0.8374664330437619,0.11158935408682313,0.8696136664789209,3.486843088018941
0.3647754056937192,-0.5672313402224822,-0.9643086202023547,1.0,0.2277401952894096,1.0,5.7144148677428115
-1.0,-0.4150990107476756,-0.10603803433333087,-0.11280850188225067,-0.17147847430336838,-1.0,3.5013003165731833
-0.36984796992935254,-1.0,-0.12186706683258453,0.017966636607974262,-1.0,-1.0,1.8125905412325904
0.07538972117533083,-0.4341744467562196,0.46205782424081854,0.719106035576118,1.0,-1.0,1.2974550766420831
0.6767223407682577,0.32085650829089263,0.2957971327914686,1.0,-0.26984371739713175,0.48191923840029016,0.8611121960345395
0.2877199716634029,0.5450582547463884,0.18768673065175157,-0.34778502145703805,0.44963005164528846,0.2592534242792676,-1.1717927396961512
1.0,0.2724263915960299,0.72323342550541,0.5774986113939848,0.6301756039322965,1.0,-1.4926655659964743
-1.0,0.3627656417470415,0.7750090745325074,0.8884648804922186,-0.8471547867807443,1.0,-5.249523051729617
-1.0,-1.0,-0.34631188678069463,0.08697365320871153,-0.09499151640445636,-0.5014702503745687,-0.06503592675328357
-0.5113383972415045,0.9629428993087037,1.0,1.0,-1.0,-0.09926307610327045,-2.5161073486622176
-0.7550882783465794,0.3857316612907818,-0.7325876855897251,-0.8429025870942761,-0.5555779538103232,-0.17512436048681668,-1.4992913765865743
0.5429816539679897,-0.334969309714032,-0.35321759801412117,1.0,-0.23748631400447784,-0.5509566878730174,0.7165178570581002
1.0,-1.0,-1.0,-1.0,-0.1519101111366905,-0.8255900301829053,3.702304606897927
-0.4485353041024779,-0.5757143599202117,1.0,0.16904238419777756,-0.938929393698329,0.59508213660209,-2.316702919077322
0.25306489656148184,-0.7516603918410141,-0.05713485975119298,0.6415922267198728,1.0,-0.1654863825149585,0.44669512080052454
-1.0,0.6920963091222121,0.5571112414160779,-0.6751007570341769,-0.6353733725887325,-0.7386925733758005,-1.276879220590288
0.3475728355497399,-0.6271268174472934,-0.21829117537042753,-0.23375933913732183,0.06408022016745984,0.13686803240340695,-0.05286961943518417
-0.41755334702291425,-0.6021048753110199,-0.23468257370113088,-0.5517324890610116,0.32179346596119573,-1.0,4.489661345673881
-0.06445574754964989,0.3479087821525284,0.8101151737135907,-0.045577392195961464,0.4800543345860388,-1.0,1.3581341551146342
0.7045112406155809,0.8262223831070354,0.6243821384340913,1.0,1.0,1.0,-1.7097776846656663
1.0,0.16918771958406165,-0.393400482865774,-1.0,0.8043697317042481,0.9939408691576022,2.337191450362438
-1.0,-1.0,-0.11710620895061397,0.38773935202640497,-0.431405336894346,-0.6789731054744852,-0.45409841702736187
-1.0,-0.7333301762070035,0.3635922800621527,-0.2353377015461725,0.8338119798613814,-0.12987035313560458,2.088821030785116
-1.0,-0.7875095819763415,-1.0,-0.9142797101965436,-1.0,-0.8194961742230253,2.180477978670535
-1.0,-1.0,0.027176483387122863,-1.0,-1.0,0.3520611877266666,1.4486090810341943
-1.0,-0.397797215497073,0.15367767753231232,-0.8180712605637119,-0.6454871579291297,1.0,-0.8916623514053194
-0.06214045673745891,0.26153446761817,-0.3311268839371396,-1.0,0.9465574507147854,1.0,7.010647232464418
-0.3404908852131465,0.19568185471592053,-0.008329574176228371,-0.48268388428854836,1.0,-0.731827069411612,1.7997391940249656
1.0,1.0,0.15693910374419962,1.0,0.8781714580255221,-0.21857524437116485,-1.3092920365368093
-1.0,-1.0,-1.0,-1.0,-0.02310580165054743,-0.7325993036134948,-0.9022768731737759
0.4038745162956098,0.33660093302324906,1.0,-0.07312716735553743,0.10478534329446937,-1.0,2.122823219921982
-1.0,0.1307305190125168,0.07097312847820136,-0.10964302841854301,-1.0,-1.0,-2.3527350060025873
-0.6952571510146657,-0.4873643845043105,1.0,-0.3610793917380266,-1.0,0.7026609276458989,-5.329423644244494
0.34886438068060616,1.0,1.0,0.9463041464136197,1.0,-0.3745084320210297,-5.631022155731135
0.8560050817259253,0.5742148305528164,0.6394621505508882,1.0,0.33763195635136833,0.1869765090941563,-1.6286795384113022
-0.07084805056774468,-1.0,-1.0,-1.0,0.6918448895666126,0.04989588236243614,-3.6926984300671677
-0.7754754526274353,-0.4889313238029239,-0.21092324007878988,-0.7130313406362767,0.3997294623445431,0.5489170896829454,-0.7097628661767661
-0.361186111220543,-1.0,-0.5718160336371325,0.7327592859579926,1.0,1.0,4.519119357294739
-0.7758536610960325,-1.0,-0.8750943766973742,-0.1470001264222085,1.0,-0.2046968827091365,-2.977126233137052
-0.9401711235431961,-0.5545306608223621,0.34051901400355655,-0.3326438876073497,1.0,-0.47621261119538966,3.6238561524684068
0.7333644008459543,1.0,1.0,1.0,0.7228650169807431,-0.6912376705759544,-5.059774028718074
-0.6058225910607073,0.09733807338410794,-0.2503789597649581,0.45875216816254166,0.7325650316775937,-0.6037201491664275,1.2105096340078851
-0.3470316313749219,-1.0,-1.0,-0.07202145855553266,-0.11592085885391823,-0.7475880952677365,-0.20778675901131938
1.0,0.010327788105181979,1.0,0.7843836128784794,-0.30898559007738313,-0.22947547139124141,1.4637025397800318
0.001048473496791491,0.5060956543594074,0.8436946571005908,-0.5984547004479246,0.13986549447793978,-1.0,0.69525828464711
0.183693224644857,-0.2751451218004391,-1.0,1.0,-0.5901477473595129,0.20499058747697912,-0.5781377150418752
-0.7983707000538555,-0.16065827251178455,-0.46945025484889646,-1.0,-0.9452605525973139,-0.8428186123901515,0.6554519469630684
-0.10034237950965941,-0.6541960827027139,0.3092337789266708,-0.8861138139151089,-1.0,-0.09128840308965835,3.178931484561932
0.2595668679364108,-1.0,0.9563844913013986,0.4991610663483328,1.0,1.0,1.1728571538189216
0.49843596076419616,1.0,1.0,0.9517833424112054,-0.9146224886640436,-0.3092758247177969,-0.006503232025899308
0.07534565660795223,1.0,1.0,1.0,0.1894119079592677,0.10868469313948226,-3.5665106092383367
0.11643470402539868,-0.32894985388232345,0.27749073910092337,-0.8743838616868869,-1.0,-1.0,4.626729278964238
1.0,0.7750274721434149,0.2304562408397209,1.0,-0.6274584916122108,-0.23135567874388152,3.809009927239998
0.5749332074567287,-0.38638177946323166,1.0,-0.13330243385472518,-0.4983005648260398,-1.0,4.243161627835243
-0.0035541914223335075,-1.0,-0.1687508908976707,-1.0,-1.0,-0.5817848557715466,6.393855780575364
0.610618108896442,-0.09290770868786419,-0.09366134124392833,-0.31006466767106095,0.0658049012836188,-0.43589635899988843,-0.21197725043803983
0.9725515189330753,0.31512258857280084,0.4246621055524604,-0.19268168461966606,-0.7440587137131582,-1.0,6.236897088022793
0.8693091854123827,-0.0035638793133232483,0.8911850693754035,1.0,1.0,1.0,-3.755787302221586
-0.3438180341868149,-0.7640953879316854,0.20289378068809333,-1.0,0.23069850322160146,0.8416930067434497,-1.1723790017274933
-1.0,-0.5567294280121646,-0.35062717314403913,-0.2964700689712123,-1.0,-0.16309260706487672,-2.067875086327819
0.48758028976311274,0.06557475492730469,1.0,0.19051988042386148,1.0,1.0,-2.5820273637106004
-0.9744048385522175,0.5579903512786738,0.5395536908850067,0.121739133084246,-0.21557752943234976,-0.3016355021620231,-0.1236693789629989
-0.48761081045752264,-1.0,-1.0,-0.7352411646073049,0.9795369081482139,0.6198931430158728,-3.5436284050367823
-0.9212925822141311,-0.8309634266653383,0.31247641383330305,-1.0,1.0,0.1633554002734854,3.057414875887935
-0.47200791846814094,-0.923896974195664,-0.5567897271278608,-0.5098868253880642,1.0,0.919064078614048,2.137450866520682
-0.6571715464552305,-1.0,0.5499441710916804,-1.0,-1.0,-0.28237534184513535,4.537907436253467
-1.0,0.47317622742374843,0.21383962865567557,0.2641149609709893,0.001765635232418905,-0.9544611878199025,2.000927563341115
1.0,-0.3092001481674349,0.024880931175322585,0.5199357556210915,-0.2659092932357459,1.0,3.9540318117066677
0.15949872574336355,0.4353437679509413,1.0,1.0,0.289296668507925,0.44305051938132284,-2.3635411093740992
-0.916019679347802,-1.0,1.0,-0.6184553152653924,-0.13719042335574905,-1.0,6.955439612197288
-0.1539706125761834,0.8063585961867965,-0.5450518307795097,-0.36638797654170685,0.9810383753306036,0.01753443733431992,2.186272121024502
0.22838449362255284,0.10824816424438033,-0.14205194011858027,0.9355343626357155,-1.0,-0.3949006843610816,1.4306119847300975
-0.14151992423023296,-1.0,-0.5866375965887638,-1.0,-1.0,-1.0,7.520016003829757
0.7903252107945218,1.0,0.6482462468992627,1.0,-0.176732112364148,-1.0,4.389028715264825
-0.7792813978951787,-1.0,-0.33653816035739115,-1.0,1.0,-1.0,7.873132103821353
-1.0,-0.8726573433767968,-0.7097498275728449,-0.8432424407172296,-0.23468569501530723,-0.43569485703045574,-1.6666181206000026
0.11341735995172586,0.7053460131214129,0.649105179375407,0.5510515981763208,1.0,1.0,2.0516752384462564
1.0,1.0,1.0,0.6347784444477631,-0.2544069805378983,-0.7880734129318095,2.4683322590043026
0.5973945788588233,0.5964921688843672,-0.6590668341351709,-0.964274520988592,1.0,0.1433965174085543,1.1855475575435466
-1.0,-1.0,-0.6006918051629746,0.19594512600512642,-0.6211771939460693,-1.0,-0.014234847218096425
-0.033064366620052965,-1.0,-1.0,-0.5270187945213507,-1.0,-0.9607035058620608,2.513306019555292
-0.42202676567044906,0.44270779778704467,-0.052882775560916695,-0.22962175403653176,-0.6511332093418734,-0.17164225369834507,-0.8871592755196187
-1.0,-1.0,-0.545194866353014,-0.844720035903266,1.0,-0.49766013507961815,2.038715784213783
-0.8054874920214872,-1.0,-0.033166722923472225,-1.0,-1.0,-1.0,6.5756251813739865
-0.9202066859837454,-0.9032386966584534,0.10884882098796145,-0.8106294799608995,-0.5702527607481331,-0.7428490187259793,2.8731141862616503
0.030888303340967455,-0.27421245660208093,-0.926248802064898,0.6572036646196905,-0.23921447271741747,-1.0,2.1837574959206316
-0.4654922622111337,-1.0,-1.0,-0.08669384676984015,-1.0,-0.7116469175291906,-2.2758858894154668
-0.10071918098841282,0.5445425369830864,0.4224177246669528,-0.40042084159397184,-0.54375650042417,-0.4385904731483543,0.07413407699371115
-1.0,-1.0,-1.0,-0.2305771767431024,0.16835620911673443,-1.0,4.145989157298369
-1.0,-1.0,-1.0,-1.0,1.0,-0.8029519114006222,-1.8406861258952614
-0.3076208208646044,-0.2877097752826443,1.0,1.0,-1.0,-0.9784754587132051,0.11461900704273109
-0.6350092652779014,-0.612453376909123,-1.0,0.22667191983609897,-1.0,-0.37871677655555347,-3.7152761488601227
0.364937794325765,-0.7418646008344755,-0.40794584328137407,-0.4393763087055425,1.0,0.01555190903935677,-0.7606037150013127
-1.0,-0.872536752522232,-0.4169453161405592,0.35709159338038043,-1.0,-0.9102751952456319,-0.4559765149023196
1.0,1.0,1.0,-0.699122627904343,0.14787179743713186,-1.0,-2.25193619851777
0.42002500989006397,-0.05049785880676022,0.17318789037348709,-0.7277830403848471,1.0,-1.0,3.258868458530402
-1.0,-0.39465371995574644,-0.021423894234869442,-1.0,-0.15556404286535497,0.55184640853374,-0.9657270787253956
0.910296712341858,0.9769546288453569,1.0,1.0,0.343402113444716,0.9073774093356815,-6.766277197074896
0.29859699980114773,1.0,0.5847743378991792,-0.7201886368264357,-1.0,-0.8601820809495313,0.929282444394505
-1.0,-1.0,-0.4206493330135157,-1.0,-0.8196944097018588,-0.151271411528202,-0.44343288132028935
-1.0,-1.0,-0.22719475595477578,-0.382926516377681,-0.9734955185248397,-0.030267499534006426,-1.59831094707352
0.4366245202874347,-0.6945099297492823,0.4229216645292335,0.750944079300888,-0.721394215846041,-0.16963046969000417,1.8942210692201322
-0.6399894373359196,0.32921974411923366,-0.12477269375742354,1.0,1.0,-1.0,3.601061655867082
0.3957141659322115,0.7389250814354691,1.0,-0.6161179590237973,0.20757726319251138,-0.637895465128398,-1.9601782838958624
0.7024429880471711,1.0,-1.0,-0.6808777699291424,-1.0,-0.8260225859470142,4.768617040656982
0.5590978478259521,-0.3005074677474333,0.3957083044626149,-1.0,-1.0,0.4137651126635937,3.5432484270034825
0.4059215182493239,-0.13088616331625086,-0.7453229903204279,-0.722229334133971,0.23178206609440613,0.7563625321868868,1.720488068759077
-1.0,-1.0,-1.0,-0.7963437224374699,-0.14050180233706633,-1.0,3.319328647565143
0.6744612443030987,-0.9965854145715243,0.2671127865266161,-0.20066878495718382,1.0,-0.012507252156281123,-1.6887740519101317
1.0,-0.7682824015112284,-0.20198520607294476,1.0,-1.0,1.0,10.913835741528128
-0.6414151334370148,1.0,-0.32688617157345545,0.026267250811843567,0.4458929809077081,0.05296324921020379,2.5444446234969496
-0.7324568360973253,-0.12222359822195861,-1.0,-1.0,-0.5578739380165947,-0.333600688271224,-1.4389874392009763
0.3865698079455009,0.9155453303695934,0.02242041507751824,0.6159514405160073,-0.6333721820654832,1.0,4.8956849643574305
1.0,1.0,0.7892295041297499,0.6584241240848081,0.008429775588552318,0.9741847041076291,-1.833249589633064
-0.499826504956652,1.0,1.0,-0.07505658502450294,-1.0,-1.0,-4.821325844134846
-0.18655938451692455,-0.23825114117775625,-1.0,-1.0,0.051948338212154055,-0.8716140793065628,1.5111987412410566
0.7433657306600256,1.0,0.3358632558185355,1.0,1.0,0.3360255897399954,-3.5775447781157896
-1.0,-0.43816955865207186,-1.0,-1.0,-0.7955800886147133,-1.0,3.671865132809137
0.7897431760349823,-0.6211968279127955,1.0,0.5275429207016022,0.8408226072716017,-0.5643662088761618,-1.111206081800284
-1.0,0.9590335342903215,-0.8300484773440076,0.001660375378553125,-0.1883650369066283,-1.0,6.6563861177367265
0.5544210644884963,-1.0,-0.7444400388521997,0.5890347075303087,-0.44640913560868833,-0.5146416527860456,-0.9956636296778996
1.0,0.013890464394539226,-0.014647933185393675,0.4441337786599568,-0.7067624036630362,0.4050149303436432,2.444860927880103
0.8984492406815923,0.37357653484938846,1.0,1.0,-0.8661907720670409,-0.5063660481624674,4.483485298927502
-0.05767736098626097,-0.2706186645606148,-0.10182031880218112,-0.7079031443950794,0.6414736744273624,-1.0,3.5375575749198958
-0.2961750075714711,0.699383845473353,-0.04302221435993392,0.29976000498902394,-0.8516592044906495,-1.0,0.3651818273189759
-0.7493673083219179,-0.6648862018924182,-0.6000200250254264,-1.0,0.09449293070440638,0.5995411501344565,-0.40867966602368
-0.08400299234663655,-0.3806622385737444,-0.24730805498395014,-1.0,-1.0,-0.9923974825676027,4.0056457841815325
0.4797888565615477,1.0,-0.8257418045912276,0.8365976030257665,-0.2381795853698105,-0.0933562790727559,2.355083561920737
-0.6095959125885783,0.04596174891441218,0.3310910756964776,0.8323237368007006,-1.0,-1.0,0.6782792145664757
0.8997311816373617,-0.14037917769479813,0.664779580709554,-1.0,-0.4034318577539857,-1.0,6.6320325356332885
-0.2636161320640844,0.1206132841581885,-0.016041949147524548,-0.7002328687634641,-0.40218389908725816,-0.7169953205724657,-0.497502774661559
-0.8379115817019314,0.45305065242947695,-0.08267458135642974,1.0,0.23896109466912957,-0.8382035590732013,2.1754042993923277
0.10614795474528593,1.0,0.8035076066952574,0.4715808002473634,-0.9891518207735241,0.4207094159786615,-1.9549734957718534
-1.0,-0.08582165933283892,-0.10499384303394055,-0.8413421096459825,1.0,1.0,6.93206481420998
0.17309322835249374,-0.6833292181458434,-1.0,-0.48408303728737667,1.0,0.6593425134969076,-0.9681198148626811
0.41429528524666975,0.35105547525525727,0.6107599616295416,0.2796615082609617,0.05404092069918548,-0.31750562549416844,-0.47947477961144025
0.2597564472369003,-1.0,-1.0,-0.5134102933834865,-0.525784793260466,0.7299250183499959,0.7501721400934277
-0.0269596653694249,1.0,0.286419703933228,0.7108092197312634,0.17948716914143958,-0.3545487467351276,-0.22885074304714365
-0.02168515194555659,1.0,1.0,1.0,0.09584848676526736,0.6820445031855149,-5.921597867733578
1.0,-0.05522414222008512,0.7780143993147304,1.0,-1.0,-1.0,9.399074760228746
0.28564393047185743,-0.529350753062158,0.031120437972283588,-0.5364786389946048,-1.0,-0.3228985043012096,2.269234699168524
0.08470259437934241,-0.00416245342155841,0.36230650758962735,-0.30314709853072397,0.6986815670014188,-0.647843976782755,0.4469099812372014
-1.0,-0.1227908597276286,-0.7843805525035026,0.1270963184331605,0.023941535024744276,-0.008783200376372258,0.03682666868149437
0.11731202306847398,-0.17034310984672377,0.41399383485205477,-0.45253152271900254,0.3133981455384788,-0.5126081199500248,1.165512943255934
0.4235445269000021,-0.4750453528713686,-0.5806334181392298,-0.5938204275304224,0.3887202710366504,0.777789065004826,0.8137528908273162
-0.35195737615967737,0.4819577087664977,0.4205391059283707,0.056407669070179134,-0.09017901296101799,-0.2149255588134088,0.23123329089711317
-0.3457268534247654,0.4110100971748924,-1.0,-0.9847767518882548,1.0,0.001248749944875449,0.77867859447578
-0.14128858265648248,-1.0,-0.5375343788250911,-1.0,1.0,0.5049043159953235,-1.5384259361588632
0.8997376515986388,1.0,-0.22376267071005618,0.4832451048270507,1.0,1.0,1.8959183094552718
-0.6421645622849179,-0.8474817371839389,-1.0,-0.12683989906232962,-0.3304179385937066,0.07160207731349089,-2.934200438096327
-0.4124165911798434,-1.0,-0.8045375174887166,-1.0,-0.49742736791118314,-0.8715864334276249,2.781349724976685
1.0,0.756192905962175,1.0,-0.6093839507610995,-0.2719246585127859,-1.0,2.400413958463029
-0.6192229119685881,-0.7465971076967872,-1.0,-1.0,-1.0,-1.0,5.359979009313625
-0.3029461784321437,0.6908083281370904,-0.023837466108903027,-0.20541424371089778,-0.46300654490724025,-1.0,0.6488276472272879
-0.014662600168825923,-0.4348373294908616,-1.0,-0.37721289833076677,0.15359936463971233,-0.7475866129776423,1.632394260908015
0.13370428548197233,0.24774346288217175,0.12384533474503656,1.0,-0.21049333540650894,0.048461598576095555,-0.3558674371940085
1.0,1.0,1.0,0.9508513108811831,-0.571063299618259,-1.0,6.09542868224001
0.5863591798960947,0.5987144067196051,0.5174352340461191,0.4152707687928414,-0.1271403581898769,-0.022386432600585832,0.007083511595905076
0.20549891721055302,0.21596775121072737,0.19855543101295287,0.3024718882071685,1.0,1.0,3.2798550449805624
-0.7685198198034725,-0.003801143112370009,-1.0,-1.0,-0.8259265206039307,-0.3264426927162359,-2.5462767842820875
0.30280272482667114,1.0,1.0,1.0,0.89126574241094,-1.0,-5.252863514127862
-1.0,-0.8800838529401194,-1.0,-1.0,1.0,0.9972914667073625,-0.0010044768486660027
0.12823978095767896,1.0,1.0,0.8848999777481784,0.45349991483826274,1.0,-4.980239480516364
0.7816349628480026,0.6034839366060194,-0.46387551742615907,1.0,0.7032105879443776,0.21026153713890297,-2.302876431609533
-1.0,0.24416130946944706,-0.1811714489056344,0.07045756572180806,-0.7603921042917292,-0.7274908661463442,-1.4149417527164307
-0.5634167263751573,1.0,0.08761569713445228,1.0,1.0,0.2029838150564287,1.0262886383417718
1.0,1.0,0.2818110129341643,0.04532539315190309,-1.0,0.1195854584977516,2.646273621052839
0.1325276124110908,0.05529249385868801,-0.9335928005073239,-0.05049420173336827,0.2855974042367052,-0.47291293409089347,0.07808453161587925
0.395562321559766,1.0,0.849817865048666,0.8890453973432377,0.04498747223642596,1.0,-2.9530239852381657
0.0036698773808694907,1.0,-0.01328922887641093,1.0,-0.9309656793083505,-0.08941837767227223,2.8578042331338898
0.239075207518246,-0.7978177135134801,-0.334964289910869,-1.0,0.06796485375310554,-1.0,5.37158254160442
0.09387201067151688,0.1664123084834728,0.5014972252926784,1.0,-1.0,-0.5146204753813886,1.8675310283777438
0.17851960264217737,0.19854080069872482,1.0,0.13125196909785242,-0.705811939672699,-0.7439609598846257,1.820043484368697
1.0,1.0,1.0,1.0,0.10229617324559365,1.0,-4.8364811675579436
0.18047773411716256,-1.0,1.0,-0.35770307884566577,-0.07817725848796964,1.0,-0.39966597774052937
0.9038781764506996,0.07933579947877079,1.0,1.0,-1.0,-0.9967401666124347,6.315113503878041
0.10631287507144606,0.46034618664644167,0.5646307905382142,-0.13623631569082556,0.45550363219587786,0.33794194130108957,0.04339876352902708
-1.0,-1.0,0.2658741470887771,-0.7796399712658203,-0.0051898615777610235,-1.0,6.180998723962662
-0.3954883503058048,0.3258331121869664,-1.0,-1.0,-0.05098961394860324,0.4218076961580935,1.738699485557753
-0.0241564936783778,-1.0,0.606737010562719,-1.0,-0.2640390507663736,-0.46173808277046646,4.392332522607751
-1.0,-0.8062593368326563,-1.0,-0.6017752785762251,-0.26885308078438297,-1.0,4.799587459472459
0.5043748819812645,1.0,0.39011083211803244,1.0,0.47764411929954864,-0.0742982411162681,-1.8708412791974849
0.7259253716969198,0.2794171933374443,0.31667051104379507,1.0,-0.4930540840351252,-1.0,6.51131437236646
-0.4578199893363435,-0.34695736818307565,0.12795964599174958,0.05727860742625268,0.07920833225065665,-0.11614638198318022,-0.05670167310127519
-0.11662316710904586,1.0,0.45040765251552095,-0.09588496275903546,-0.17267722607606317,0.7629746219270882,0.2502118044934236
-0.5223033474555059,-0.2356092490902093,-0.9810062899715982,-1.0,-0.7362376836501181,-0.3377881817167072,-1.7816034552053481
0.098124797269728,0.01531833359482171,1.0,0.656690477928647,1.0,-0.9620841666758895,-0.4164521795495566
0.7723272580965085,-0.2624022822139311,-0.5450468009595204,-0.5852886841519521,-1.0,0.01378628302297269,3.2604952597420023
-1.0,-0.17005401665211606,-1.0,-1.0,-0.08517254166776023,-0.7305020844399366,2.249924736672968
-0.845516867818868,-0.5667290220933303,-0.6897949453989638,-0.4614847912407769,0.13445399848077627,1.0,3.203965224068227
-0.5649156820197826,-1.0,-0.07310176606972774,0.9702491204824801,0.1635665895392281,-0.2627798356100357,-1.0158482608685044
0.006455347518794022,-1.0,-1.0,-0.48968438802349473,-1.0,0.13154686467101007,-1.4504132589056744
0.25892879887952863,0.2988534201385965,-1.0,-0.28494012078064757,0.40954387550877747,0.620480737055422,2.136159362678601
-0.2822811765399269,0.12062559668841694,-0.4273144892036979,0.3922047405232516,-0.02526749594935719,0.24710044372391574,0.31128905493952663
0.09331763993218134,1.0,-0.3243066913252568,0.005178772569388146,-0.30913121117851033,-0.401494064877424,0.4640945966446761
-0.7169229341388144,-1.0,-0.1424944178903842,-1.0,-0.844154065809503,-0.27210500424131645,2.7779527904433365
-0.9747172221396762,-0.7957530085553408,0.5079035446598613,0.3388806383487438,0.2302068529220552,0.06645508022238888,1.3037670536017205
-0.0652780801576156,0.9650080769586082,-0.13037082016107682,1.0,-1.0,-0.8686782615917821,3.9827550443732767
0.7457691921076276,-0.7286443422213088,0.9276665521519388,0.4667694527662758,0.5649225363617347,0.3664416705265188,-0.6832448551278764
-0.4901267148842421,-0.5285370240265943,1.0,-0.5006748678385348,0.05478471960040549,0.20741365408548185,-1.3442315751401674
0.38429993315660993,0.2587798578564675,1.0,1.0,0.2063896449161826,0.2538823818648469,-2.5933749426731922
-1.0,-0.947733256933206,-1.0,-1.0,1.0,1.0,-0.8923988875968952
1.0,1.0,1.0,1.0,-0.13092084635312579,0.234202373604723,-2.1739119342347566
0.436403187827326,0.1348606425991783,0.41871123330908977,-0.06979569088968018,-0.19160050456976027,0.9042464150736798,1.734325072001457
0.31060949255121095,0.29499215883069885,-0.8459653754473277,-0.20608487850028845,-1.0,-0.31970914848256204,0.20389083873769032
-1.0,-0.6796602500100853,0.043891536982773816,-0.18502192060108547,1.0,1.0,4.181068634819955
-0.15584480489380653,-1.0,-0.924910420310853,-0.45683495888308623,-0.1622769326917899,-1.0,2.6666124099646447
-0.5915214846657193,-0.7323157109870992,-1.0,-1.0,0.8038101784542514,0.10247267936169202,-4.377371261276655
0.7667325987696039,0.5449942111143915,0.5416745504636505,1.0,0.20799640798967584,-1.0,3.813213912767861
-0.10925884752246484,0.31627300618579807,-1.0,0.6083264467000338,-0.6342831729427103,-0.5872165560237104,-0.367024679300866
0.7324172548801775,-0.18660760009496802,0.3110151409022969,0.7275627754438909,-1.0,-1.0,6.739169514878624
-0.3412643455165151,-0.8922740931130384,-0.9816763396291313,0.07860807481904908,1.0,0.25604908648300584,-1.7490650254048083
1.0,0.9829555447244298,1.0,0.11827161113591134,0.29183859941405754,-0.9784068038179312,-1.3040990075815246
-0.6977296642212603,1.0,-0.28748487548054896,-0.4518255484524018,-0.8094794706048798,-0.4647132694514861,-0.8714563734276295
1.0,1.0,1.0,0.29576251650143615,0.2506188656089777,0.27801902349021534,-3.216407353346156
-0.8274234259506935,0.6367570382368613,-1.0,-0.3490077946837915,0.6700244784556486,1.0,11.644411483961
1.0,-0.3727076968531077,1.0,0.8445705541143984,-1.0,-0.7964836286632586,7.898005743369964
-1.0,-0.8838580826481911,-0.13007932125838573,-0.757498566079162,0.27982492886522514,0.05326733681184326,0.38585705530213343
-0.6595858937295322,0.6656389830445928,0.47052357575986586,0.19935472194212023,-1.0,-1.0,-1.098418190834363
0.49045643310474674,-0.7305452327185832,-0.3706893258631598,1.0,-0.10857198447976302,-0.6027972296336014,0.25364104595484
-0.9251026834387583,-1.0,-0.6275114746109265,-0.7137448599784668,-0.1128649913361286,0.3841886480943967,-3.5359869104377393
0.36336141383220666,-0.0626275671661708,0.3599305018087341,0.27115064623258045,-1.0,0.023379989407135593,1.3230265565651986
-1.0,-0.49919813212929454,-0.4849717894628872,0.2613603542865933,0.8654816615942477,-0.9175268724910084,4.736842350830004
-0.20869931224055055,-0.5642409254096465,0.7357713706861966,0.9000173111222163,1.0,1.0,2.4131263218382446
-0.5263864754806553,-1.0,0.7170852597934593,-1.0,-1.0,0.10310099469112963,5.1028126958626014
1.0,1.0,0.44540557700689654,0.5356267012384512,-1.0,-0.006345082935254265,1.6689338612432723
0.14395123268655918,-0.2683950368486355,-0.840631262064025,-1.0,-0.43804720741032727,1.0,4.68671786362678
0.8854338624680095,-0.6231430168332204,0.2725715584554429,-0.6529422579461397,1.0,0.3973354376090037,-2.786499693680302
-0.2256408034218007,-1.0,-0.9825759736687645,-0.6856884078377665,-0.9221443167591863,-0.7381441382494782,1.641130125251543
-0.4814402026436224,-1.0,0.29701716890544216,-0.6941725537073125,0.33615962767981744,-0.03958434853605214,1.647811288191321
0.11681734079612806,0.5172988937513486,-0.4865851333342648,0.3917984436661339,-0.8629172448308329,-0.20163380704542733,1.075797974209017
0.9432733989740869,0.4222429275807087,-0.30337743922528415,0.8529615000908812,-1.0,0.09463589507896897,3.416678345791234
1.0,1.0,0.2100796177688833,-0.23434158750873477,-0.6996733642210584,-0.3783772044227163,2.7571642721927656
0.6243384907794414,-0.31142710106793464,-0.5974834735350507,1.0,-1.0,-1.0,5.091897851436247
-0.45813803264518665,-0.739069370458509,0.7047463031478957,-1.0,-1.0,-1.0,5.235948963354538
0.2409439854453787,-0.5391265488099822,-0.7535734405859301,0.9958168033038824,0.5864243646853508,-1.0,0.299998176511189
0.46057316097581313,0.37717597015338367,0.09532196915166768,0.27823474655398284,0.5344935284302994,0.7093346924530823,0.3388655824174494
-1.0,0.6029257162895053,-1.0,-1.0,-0.24204786283065322,-1.0,2.9450241774808874
1.0,0.6870503946787421,0.11084359200294136,1.0,-0.30596994190299187,-0.469467814483148,3.3626381300312866
-0.7577734905244304,-1.0,-0.01967253723886564,0.5672321367715646,0.0869774217583128,-0.33081060023072695,-0.2696420837109259
-0.004484929424635353,0.8962646972042789,-1.0,1.0,-1.0,-0.0764820915057225,2.822880934026274
-0.13632847345716448,-1.0,0.12374759354948503,0.04001279153320331,-1.0,-1.0,4.476972069600688
0.4367936298428443,1.0,1.0,0.4679522694354028,0.2223818297725188,-1.0,-0.17951225501643708
-0.645661573991235,0.8588969931096152,-1.0,-0.6549725973078074,0.12156105892149605,0.9795948729600281,10.47734466798958
-0.7265893035342295,-1.0,-0.8799219934726429,-0.08988684002198788,-0.7292266149611955,0.9923740748098046,1.0261624220953833
1.0,0.9204615263087866,0.6262559590747272,-0.45869189948513955,-1.0,-1.0,5.974009813987703
0.15375145755117092,-0.5301797322174426,-0.08340378385904457,0.8422190923250901,0.49002974584942516,1.0,3.9670345482205804
0.23329776265782248,0.976461055737097,-0.1597340973597208,-0.5190870526658883,0.3568262023861959,0.579733756545096,3.325028448859945
0.43086976594218906,0.14053475763832432,-1.0,-0.9814484933158729,-1.0,0.4474691638565873,2.8066485648017307
-1.0,0.4519819182778415,-0.5264973104065866,-0.6174638818417101,-0.3743305472330573,-1.0,1.6850250577268033
0.8947522329169185,1.0,0.5387076389611286,0.8815440867688332,-0.37589750073862005,-0.04833640139964679,1.571682533250132
-1.0,-0.7667846871322392,-1.0,-1.0,1.0,-0.442609854661828,-3.003063365472489
-0.6781125995664607,-0.1923158172074917,-1.0,-0.5542653209025514,-0.566327849045599,-0.4414832272855619,-1.1384159867487724
0.029654473286494343,0.3627326049499354,0.15507185079101027,-0.027640783359074328,-1.0,0.0667783221982502,-0.8613751364108782
0.49968464157278136,-0.8815201434383841,-0.11033501055713675,0.384509953091478,1.0,1.0,0.9484157675820111
0.7447063455565548,0.9727437485802592,1.0,1.0,-1.0,-0.023429333123954565,1.797253601085377
1.0,1.0,1.0,0.8509036954462907,0.5809251586939612,0.45538194968662626,-6.92315728859669
-0.4717387710851769,-0.9158673972947877,-0.05898330612077729,-0.05442955727459364,-0.40144585038374947,-0.06419150539103002,-0.5592184221352988
-1.0,-1.0,-1.0,0.6295806050818398,-0.21550613090399412,-0.03074409808213159,-6.179929599718691
1.0,1.0,0.8547452393720134,0.44215387067956047,-0.5790365171954199,1.0,0.6125112844359232
0.700251537597741,1.0,1.0,0.9359967999639836,-0.3549179070488493,-0.6962458175865006,0.8320258709512984
-1.0,-1.0,-0.39212381892323384,0.14253331256238266,-0.01664065674414572,-0.10948041772592298,-1.081591043705821
-0.5625100193312256,-0.1997074911328266,-1.0,-0.19486995362651394,1.0,0.03309239395080585,-0.18095820496832837
1.0,0.19870297632711909,0.4980802236296007,0.5230812295374201,-0.07826411011584328,0.8755764087596851,1.1515799075479047
-1.0,-1.0,-0.8739756703701701,-0.1878666200981327,1.0,0.7655314343857191,0.19666336521776961
0.20584625230695142,-0.09994593268104734,-0.4165199313648414,-0.2952420798330551,1.0,1.0,3.4021123443020627
1.0,0.7950075932251566,-0.03643250722843583,0.6307570342769382,-1.0,0.11984291836886629,2.9050083829807463
1.0,-0.01750936611932158,0.25634938680828934,-0.7155191631064004,-1.0,-0.12607556008023596,3.9328164504071075
-1.0,-0.08567279458124433,-1.0,-0.5405696066752768,0.201522754213865,-0.5263958721282194,0.017639725198464018
0.14602985673713265,-0.8777475206372825,0.5288535528196825,-0.8675264960280529,-1.0,0.45310814964212653,4.985208870411757
-0.23003502242969986,-1.0,-1.0,-1.0,-0.1502031649935225,-0.3069745502695695,-2.7468713332021757
-0.058957592762407696,1.0,0.8011458506698694,-0.45279558335817194,-1.0,1.0,2.1322853689213086
0.20115824691697431,-1.0,0.7904365487999517,0.8632420651774377,0.4015291471940319,0.6413981823287471,0.7455164741193862
-1.0,0.5278636256875049,0.2592429901079537,-0.20604367181497762,-0.03854455535890891,-1.0,1.8789342286344206
-0.4091006103187296,-0.4179876688352369,-1.0,-0.5127662591371207,0.6833047273306211,0.32695699621151436,-0.34776763798219895
-0.8439344313121497,-0.6488795739478177,0.5375377277160063,0.4892776810197637,-1.0,-0.9352710695763852,-0.09060940471792697
-0.9278405817484551,1.0,0.8521216122187542,1.0,-0.3371429471353019,-1.0,-0.5269957147515569
-0.26203522440614047,-1.0,-1.0,-0.748404217182981,0.3684268283994141,0.4788156919278721,-3.4497974084820147
-1.0,-0.48793211316720586,0.5631847059596761,-0.3772321097322966,1.0,0.8556707299977078,0.8299366889677794
0.7116823402256923,-1.0,0.868359749231009,0.7235818307009714,-1.0,-0.7919646555880038,9.386242228993622
-1.0,-0.3324851139909013,1.0,-1.0,-0.8981305825881398,-0.0847553695253043,-1.9750598041307872
-1.0,-0.5780212189489943,-0.8104375011411586,-1.0,-1.0,-0.8265340378043773,2.6272724574961455
-1.0,-1.0,-0.33772031101441935,-1.0,1.0,0.03906844767276163,1.157583454815293
0.22629303847607557,1.0,1.0,1.0,-0.4808757008006574,-0.17848875182406548,-0.9421098363397
1.0,0.7525526615818707,0.5632186242162547,0.08622095467912438,1.0,-0.7894912582680377,-0.4513339544499494
-0.8947809312452236,0.782670930437176,-0.0063025163839117715,0.44860385837743777,0.8969421654398997,0.1423484986133245,2.1052145524844708
-0.2946887598579869,-0.2672819741001055,-0.9676602192517879,-1.0,0.6953186518043848,1.0,5.396390961849963
0.6561192752678692,-0.08872723095766699,0.8426374699595944,-0.3971226082615904,0.4911644025298685,0.6932324007824813,-2.3100050928732703
1.0,0.9184229079430346,1.0,0.1443667270268123,-0.2899846291259594,0.707251935088085,-1.3095631870448172
1.0,1.0,-0.5526113184383699,-0.6880885509438647,1.0,0.1435942432464476,0.9057979035776517
-1.0,-1.0,-1.0,-0.03007748956234213,-0.15367603854810974,-1.0,3.3384818233728213
-1.0,-1.0,-1.0,0.1241573988444099,-0.8949171151652423,-1.0,-0.378275054706623
0.178520164878196,1.0,0.09461863332769616,0.8850555385989529,0.07057221931311375,0.08391033675789517,-0.45161665685534647
0.07164950363069861,0.35788547455828656,-0.5065808793205814,1.0,0.08880729515462837,0.15903650142299247,-0.33013845105523487
-0.5040604271023921,-1.0,0.41864233607537016,-0.3850090647103164,-0.2034709966964945,-1.0,5.853537076506401
-1.0,-0.5730291025232381,-0.21471282860682894,-1.0,1.0,0.7779940666318871,3.5293260393577754
0.6814805545899661,-0.44524185226542123,0.9200507820980075,-0.1560801788321588,-1.0,-1.0,5.91382380797008
-0.46735768423314006,-0.6511484221577702,0.005781950006601366,-0.37824812033587785,0.17770193588177974,1.0,1.1567742006267006
0.26334270454112696,1.0,0.2717411424765237,0.17608268054044052,0.2622873087435533,1.0,2.012200124934242
-1.0,-1.0,-0.51941684943914,-0.563062251578297,-0.16484844443140767,0.9369517235304465,-1.6628878090223704
-1.0,-0.8963086015533803,-0.43364326032470135,-1.0,-0.11806645027168561,-1.0,4.815560634348563
-0.759496722629837,-1.0,-1.0,-0.6905069073532945,1.0,-1.0,1.8961790480297007
-0.3247790644745169,0.3633328418986347,1.0,0.03982130296327968,0.624028655073292,0.4086293800442222,0.24386650789927578
-1.0,-0.4200842920148661,-0.319691266409859,1.0,-1.0,-0.6895289446889894,-1.5735141470649885
0.997889591087581,0.32561860909383233,1.0,0.662674001875694,0.10885471263058566,0.3397609663315928,-1.853908773401298
-0.24013470433098716,-1.0,-0.5600252245057421,-0.08989177169894536,0.5865203742228595,-0.1177850365241968,-0.524065952290643
0.2064528739200313,0.7091662247717143,1.0,-0.3081012089244385,-0.8925871364060864,1.0,0.21789468836374198
1.0,-0.3027187523854423,1.0,-0.38133377875088714,-0.8132848027982894,0.4270035341631703,3.939379336606682
-1.0,-0.15005504919642554,-0.9757547393271251,0.7639116180412404,1.0,-1.0,5.024663395976468
1.0,-0.19376805074343367,0.8394704339454873,-0.223735431475244,0.6089024003898569,-0.9674467960793072,1.4140959092045013
0.04861933195360413,-0.5598000341508702,1.0,1.0,-0.998967084440926,-1.0,0.423957576343474
-1.0,-1.0,0.15179805813003588,0.693240112747912,-0.6500527027906939,-1.0,1.1170907344313643
-0.08601611080447052,0.5207137074638564,-0.2260539070174289,-0.10079814878922697,0.0044585875287841414,-1.0,2.0328870164345085
-1.0,0.04869883113931517,-1.0,-1.0,-1.0,-0.4512543367550408,-1.431255141282252
0.8478419418100025,1.0,1.0,1.0,1.0,0.4714268445312886,-9.075816828891298
-0.8600780073199017,-1.0,-0.02099933847591251,-0.18478584217926286,0.06479851419551763,-0.06807709909127957,0.09327475834033541
0.9876802834851354,0.685450144279643,-0.21566562792816157,0.24706356443095076,0.5925950106233886,0.2300177876755558,-1.301589920296733
-0.7503722359137456,-0.1956498534435851,-0.8682891409131361,-1.0,-1.0,-1.0,2.420781642174254
-0.628149312674047,1.0,0.8617331790520231,1.0,1.0,1.0,-3.5472710714972138
-1.0,-0.24654753990163014,-0.908210655688992,-0.7946230475881675,-0.5388308731078114,-0.4548736043915801,-0.5854032822950512
1.0,0.05473158824539137,1.0,1.0,-0.5985316899903477,-0.7430433338464321,5.33290719014498
-0.33980232837183844,0.05852548932442292,-1.0,-0.420283377530859,-0.5807402379360114,-0.49922743768981703,-1.5339460640750304
0.7048520063417568,1.0,-1.0,1.0,0.2652579438384559,1.0,4.5856006708145065
0.8531926086390851,0.057429481660412146,0.6613525191258034,0.2535582151551147,-1.0,0.05135069992373664,2.781451085292116
0.9966154488900051,-0.7843702422130325,0.11720676165654154,1.0,-0.7521731702293248,0.03869243863371086,4.627478126305643
-0.7197361418978421,-0.6161165076777613,0.035034795244564654,0.23409871872584181,1.0,0.615496246489154,2.5406925109441194
-0.0429177454216767,0.8330053985430811,-1.0,-0.9587376045561715,1.0,1.0,13.179490061061653
-0.14393739678833223,-0.7096705442705156,-0.9551349221800719,-1.0,1.0,0.30528850160843335,-3.064908831895909
0.043424718687210886,-0.21802914831617332,-1.0,0.034326591742580355,-1.0,-0.30700723496365734,-1.3690414717810806
-0.7713910064511517,-0.712798065997668,1.0,0.35919966254123464,-0.5854670286752022,-1.0,0.8999900928669604
1.0,0.5661549460752209,0.025141565230436314,-0.318458924253186,1.0,0.1289907359662188,-2.7140879575006243
-0.13832468231695821,-0.5403109555343569,-0.1187423807438549,-0.043923711232644824,0.8721657974559963,1.0,3.332991727778351
-0.8269435442403734,-0.07898668198474601,-1.0,-1.0,-1.0,-0.4324802982190967,-1.2069997856592571
1.0,0.4159973626734822,0.0517274425958959,1.0,0.8972881212172922,0.7057502494026495,-1.2220889088849884
-0.6109628870100998,-0.42285249239407663,0.07580396931192013,0.5766292137145873,0.066537195327384,0.44164021936567743,1.0936408454122637
-0.34349327653443906,-0.13609583294061833,-0.5236433311287041,-1.0,0.8007939961376713,-0.1338487648417075,1.4390889860991494
-0.2642354355210287,-1.0,0.4875956037140745,-0.6751196111899355,-1.0,-0.14652376689743918,4.9457163385713265
-1.0,-0.6722954597373131,-0.9329751428952503,0.07328610971315773,0.7475900271758783,-0.7357756060364888,2.0823531571425655
1.0,1.0,0.10147814066208016,0.39681052443974796,-0.6768536531509397,-0.5913485775377065,3.795198132784433
1.0,1.0,0.22447245386883405,0.7677654435356023,0.7543878542150322,0.8838387545882973,-2.3890577488833102
0.8655960271543777,0.39722248712112673,1.0,1.0,-0.10643870454468345,-0.987136651973113,3.1628325283268293
0.2669786728006986,0.968045442925131,-0.7528537967838813,-1.0,-1.0,-1.0,3.1583107802740717
-0.5289653993639778,-0.9658583616306595,-0.7395134878437042,-1.0,1.0,0.09356642372573165,-2.3292314009011146
-0.6699196559517206,0.17457742996249548,0.6802479090090046,-1.0,1.0,1.0,3.4994533102683825
0.949509926268606,0.789861080565923,0.5030966111198625,0.44809819774515636,-1.0,-0.02226769714013635,1.8711466957162866
0.8871424228170085,0.3086231558404181,-0.3951127541742359,-0.13590159997269413,-0.17161988011948315,1.0,3.6073025697519556
-0.26822669587409587,0.25323192860984645,0.01363176037217606,0.04850138594189157,1.0,0.2956797936460452,1.3359444292360203
0.04042167621275505,-0.016026038597874104,-1.0,-0.8089609187976288,0.019493164223582257,0.4564996626725756,0.13723096392489764
1.0,0.6303241371597021,1.0,0.46579773702606975,-1.0,0.05602548208349756,3.0016711338566107
-0.426261439089199,-0.40209065191993654,-1.0,-0.9934712397540427,0.31033478791233526,-0.7425454507354647,1.9238453728465665
-1.0,0.11622550150945199,-0.5849451354192733,-1.0,-0.10546822882011259,1.0,2.6804552263682675
-0.9964935129874785,-0.1534661535537155,0.6052650223164311,0.15644491199388655,-0.07973642091993459,-0.2524515623856813,0.4036514524285776
0.6047548366803756,1.0,-0.462505832233414,0.5688148980195706,0.6185802318217922,-1.0,0.9438021696600166
1.0,1.0,0.3399005439010493,-0.8208578112146853,0.011191858230143292,-0.14164466709010537,0.6896729000250525
-0.8737796447208984,0.21056738296937594,-0.31379353329151227,0.3121987485569466,1.0,-0.31072601044338743,2.948508650081687
0.35908341623103124,0.2902923556017174,1.0,0.05848679373480814,0.17341239165303568,-0.43684033787024557,0.19726387653794658
-1.0,-1.0,-0.5784881432027278,-0.49592341289983527,0.2539169759246278,0.9202736984780628,-0.07254326599920635
-0.6846789980613757,-0.35526838369676117,-0.820666209867118,-1.0,-0.9607276889540279,-0.06033707595271398,-0.4632801794659555
0.7031804226793269,-0.890582254223874,-1.0,-0.4141113315625581,1.0,1.0,-2.3661319449560247
0.28875915381903955,0.4613600985653741,0.43867803089125934,-1.0,-1.0,1.0,7.847927853726141
-0.5981824285648973,-0.7494673627032955,0.375067377211023,-0.32853460706615845,0.11771470042774967,-0.18859741008254663,0.9984482988329593
-1.0,-1.0,-1.0,-1.0,-0.7021531709327623,1.0,1.1308530230306804
0.4446377203668369,0.4781200808814434,1.0,0.7812416178458883,1.0,0.08942561349828004,-2.8244543532186634
1.0,0.8137531288043193,0.21136916426189511,0.020647444490738298,0.18981715009568795,1.0,2.2577910007781226
-0.46245807427393404,0.18924587252624503,0.46599798606297427,1.0,-0.49787741716216044,1.0,-0.8732676666404766
-0.3875646839611906,-0.23650965954410008,-0.06583758789322691,-0.03754410033435285,0.1478593619478068,0.1686736196912031,-0.015826769843053562
-0.4301941609207105,-0.9373833094829065,-0.8387589113901128,-1.0,0.05664251432820566,-0.4989746236413979,-1.807162569992038
-0.8234123436084201,-1.0,-0.17849462319649634,0.20240136915836715,-1.0,-0.49545241251001804,-0.3720956907088185
0.2007892596132918,-0.04076049120597225,-0.6171480377567478,0.13231112457236271,-0.7045053163788499,-0.2449961666208288,0.30270846787184824
-1.0,-0.5661202905999304,-0.7536604483736087,-0.7961641519941868,-0.49005908894336647,0.36286028005552945,-1.9251027719702023
0.5642889407088731,-0.05892396302024272,0.9538486882210852,0.19368142362486895,0.5261683459357014,0.3790026987682549,-1.5555365451980439
0.9160349384675006,-0.5521280764544628,-0.38314306665331754,0.8068350597838277,-0.5415541545881621,-0.11260663218534087,1.838354606277341
0.625572598661611,1.0,1.0,0.7447782784875526,0.34581428288930693,1.0,-6.421248537803324
0.05696475160532066,-0.5105621218193266,0.03214502939601244,0.3970807508887504,-0.7417918580692262,-1.0,3.169354802457805
-0.3815172027328347,0.27405625988540727,0.30641823134579244,0.9854361774865095,-0.09840067963689236,-1.0,2.3492332317850115
0.20297264634290124,0.6528516441992824,-1.0,-1.0,0.4462576432116112,1.0,7.774549199142779
-0.8390431507436886,0.21011893746884625,0.6759526494394119,-0.29318219092009296,1.0,0.3805187506394718,0.3654449233118803
0.6646746651770277,-0.5142926179789764,1.0,1.0,-1.0,-0.7249417583894321,4.923752344765563
0.08273690086640823,0.8921360638106185,-0.00407295851989542,0.309493656891487,-1.0,0.45439678229275715,1.8829776463555314
1.0,0.2835063896151615,1.0,1.0,1.0,0.7184886526254443,-7.043471674221413
-1.0,-0.6707525465733915,0.6840290990464419,0.2561118083522528,0.15495483932895682,-0.11220298689042679,1.894182763736819
0.10187461494633387,1.0,0.028380885869956796,1.0,-0.6825161708737886,-0.44254518308067825,2.9449769496736753
-0.22801715517212906,0.18590049995285532,-0.7006245647259033,-0.8815862171927794,1.0,0.8688761338688282,6.149739025689883
0.4539742188767327,-1.0,-0.05946693082477783,-1.0,1.0,-0.5220675533024393,2.577805708331433
0.26970778137129114,1.0,0.42508034331040245,0.9293742645064156,0.6656201941724071,0.975289680764588,-0.6959630159597141
-0.527963341220921,0.42288948345476707,-1.0,-0.209149734078834,0.7768113653126972,-0.861127868646782,3.489017101104171
0.4820640012818147,-0.9693431530496494,0.2968887502613575,0.06052508690175723,-0.990506716345291,0.8601767378716958,4.495121359382833
0.8733356170601783,0.8616024810135534,1.0,1.0,0.20596447791471675,-0.455070895706692,-1.35861485469294
-0.1067153567154,0.6500959902595782,1.0,-0.6654234966413233,0.40150365191504434,0.9368640479246059,-1.0244772397144872
0.05531010849198399,-0.13466658986181512,-0.4267025231909677,0.053618204808167036,0.432253119043582,0.3243904834668395,1.0989514302580417
-0.9007931911745035,-1.0,0.5887509007036199,-0.6720667820730173,0.18743130831464477,1.0,-1.597714801366512
1.0,0.7312115708945125,1.0,1.0,0.3317286026058126,-0.4053606505123508,-1.4703591233250168
-1.0,-1.0,-0.5093427903558319,0.17721944243304677,0.022048731249376674,-1.0,2.9814631163912955
0.9178750137890386,0.9441305794483847,-0.3114834082305549,0.30707815543225414,1.0,0.9659239496408403,2.28084825116577
1.0,0.057976314473518586,0.3828881124605026,1.0,0.9450483390855415,0.3826638286662243,-2.6575007265811137
-1.0,-0.49281899958661746,-1.0,-0.9013377816432866,-0.4307164753529401,1.0,3.2299798934803468
-0.33286576885416397,-1.0,-0.3613569823020005,-1.0,-0.9650941781420049,-1.0,6.9808081441238405
0.022948960978619815,-0.483613440015217,-0.1114969653875747,-0.35259873388916396,-1.0,-0.053379127586551486,1.214057877883061
1.0,1.0,-0.061096749717157395,1.0,0.7581534823477012,0.9284232875594967,0.203154981446934
0.688306241635212,-0.7659044489936367,0.38628141121966736,-0.9729981833463509,-0.10277037446701265,-0.15085561552197346,2.797046367555223
-1.0,-0.47228019285460787,-0.6269695282843772,-0.09510478698714464,0.8785287053953478,-0.12374931560397662,1.1717416644875422
1.0,0.26892536945845746,1.0,0.2103329551136741,-0.5237479337362381,-0.2364081404089872,3.9168545177855654
-0.09851907265269733,-0.17357044710133507,-0.631930339164741,0.6298042629253687,-1.0,0.33910588429075356,-0.11483081459049999
-0.21560672222431276,-0.7192074790031507,1.0,0.3608873798373644,-0.07257461258836906,0.503750229759,0.198611878735368
-0.619841690362354,-0.9965217018851826,0.20995055864722523,-0.6623367523303807,-1.0,-0.25752625150035047,2.363265548231528
-0.08724929307513651,0.6175213143319397,0.7819778270612195,1.0,-0.44627623237443953,0.6542785425079015,-1.4720524823488397
-1.0,-0.8769425309516532,-0.15801557998687077,-0.191650725222539,0.5830461925356556,-1.0,5.212376791201417
-0.4300927675493351,-1.0,-1.0,-1.0,1.0,0.6799134878055055,-3.511539845270915
-1.0,0.14941667778342238,-0.5495816267657012,-1.0,0.25751389868734453,0.5945099172718369,1.53667292326781
-0.12761851487255926,-0.039917817020483914,0.4922468374358073,-1.0,0.5384213793390378,-0.4581758027206047,2.1547490269448413
1.0,1.0,1.0,1.0,-1.0,-0.5460964303631981,6.921766807596097
-0.6009534350834405,-1.0,-0.7961651666773564,-1.0,-0.20623026438449465,-0.20036275480135968,-3.5734792509046844
0.18517392664708798,0.24727026705429322,0.6232879820296007,1.0,0.8986327079601589,1.0,1.5282389736126092
-0.8886195359732805,0.8806222621073412,-1.0,-0.32325802316309926,-0.13468389289048832,-1.0,8.116065616998242
0.8550122356499206,0.6037235825563981,1.0,-0.39808500719421347,1.0,0.012490210351250308,-2.3736482190330186
-0.6694451675348557,-1.0,-0.5982312518353403,0.5702460994849721,-0.9790405285530603,0.4634784349558263,-1.5759718358200339
-0.9899286110722809,-1.0,-1.0,-1.0,-1.0,-0.20312129759037068,-1.8128440742238128
0.8218681459347588,1.0,-1.0,-0.10438585587234961,-0.45320964790979934,-0.018157472730457425,3.0488708122814607
0.4605036280218491,0.8777823758206655,-0.34219824596456405,-1.0,-0.6233008403462177,-1.0,3.391237480232984
0.7036012793831499,0.6298560174698773,0.4700091221981843,0.3648826616734351,0.11445125933156564,0.05544494233396918,-0.07426466718545544
-0.803781333582648,-0.29437058381112663,-0.04970490229109292,1.0,0.8967883627975357,0.536672790631514,2.689759787353154
-1.0,-1.0,-0.9736955023982912,-0.36385539463853434,0.5858781029325343,0.6923069018902391,-2.0767858939718655
0.2077197785530578,1.0,0.06314147299172279,0.9196158798093723,1.0,1.0,3.381375010828613
0.5231342031738384,0.6159444261657012,0.06875621497236839,1.0,0.2614903667299713,-0.35026900538302447,0.6223869673398357
-0.8833443685728614,-1.0,-0.603796557797492,1.0,-1.0,0.13425577221253127,-1.809220556873183
0.6541713947178761,0.6893996469191168,0.6423821062383229,0.6183453392567518,0.4022984957305391,-0.38191324711975694,0.26449532695237266
-0.4318017125239155,-0.29546536242094534,-1.0,-1.0,-1.0,-0.6174915370559648,-0.26981142155311755
1.0,1.0,1.0,0.9608420449410842,-1.0,-1.0,9.005759311185745
